t, x, y, z, angX, angY, angZ, qx, qy, qz, qw
0, 2.2754, 4.48114, 0.187878, 3.12426, -3.14143, 1.13913, -0.00460401, -0.00734004, -0.842104, 0.539246
0.0149114, 2.27542, 4.48115, 0.187908, 3.12448, 3.14157, 1.13923, -0.0046258, -0.00720011, -0.842077, 0.539289
0.0248883, 2.27539, 4.48116, 0.18788, 3.12419, -3.14135, 1.13921, -0.00458949, -0.00739268, -0.84208, 0.539282
0.0349512, 2.27541, 4.48114, 0.187892, 3.12412, -3.1411, 1.13911, -0.0045025, -0.00748827, -0.842107, 0.53924
0.0450134, 2.27538, 4.48115, 0.1879, 3.12433, -3.14146, 1.13918, -0.00459902, -0.00730249, -0.842091, 0.539267
0.0550375, 2.2754, 4.48116, 0.187908, 3.1244, -3.14153, 1.13924, -0.00461027, -0.00725725, -0.842074, 0.539294
0.0648532, 2.2754, 4.48115, 0.187925, 3.12469, 3.14103, 1.13927, -0.00479283, -0.00696623, -0.84207, 0.539302
0.0751271, 2.2754, 4.48116, 0.187895, 3.12451, 3.14143, 1.13926, -0.00467409, -0.00715068, -0.842071, 0.539299
0.0848475, 2.27542, 4.48115, 0.187891, 3.12419, -3.14134, 1.13912, -0.0045877, -0.00739407, -0.842106, 0.539242
0.0949922, 2.2754, 4.48113, 0.187883, 3.12414, -3.14107, 1.13912, -0.00448634, -0.00748706, -0.842104, 0.539244
0.104846, 2.2754, 4.48113, 0.187887, 3.12406, -3.14111, 1.13912, -0.00452184, -0.00751314, -0.842105, 0.539242
0.11489, 2.27541, 4.48117, 0.187909, 3.12441, -3.14127, 1.13908, -0.00449608, -0.00732507, -0.842117, 0.539226
0.124985, 2.27541, 4.48116, 0.187907, 3.12432, -3.14137, 1.13928, -0.00456151, -0.00733312, -0.842063, 0.53931
0.134988, 2.27541, 4.48118, 0.187894, 3.12427, -3.14121, 1.13905, -0.00450703, -0.00739808, -0.842126, 0.539212
0.145003, 2.2754, 4.48116, 0.187902, 3.12462, 3.14146, 1.13925, -0.00463431, -0.00711143, -0.842073, 0.539297
0.155162, 2.27538, 4.48115, 0.187911, 3.12439, -3.14134, 1.13929, -0.0045352, -0.00731154, -0.84206, 0.539315
0.164825, 2.27541, 4.48113, 0.187887, 3.12432, -3.14132, 1.13908, -0.00454286, -0.00734905, -0.842116, 0.539227
0.179984, 2.27541, 4.48116, 0.187911, 3.12446, -3.14156, 1.13929, -0.00460901, -0.0072233, -0.842061, 0.539314
0.18482, 2.27542, 4.48117, 0.187889, 3.12448, -3.14132, 1.1392, -0.00450188, -0.00727803, -0.842085, 0.539276
0.199939, 2.2754, 4.48115, 0.1879, 3.12441, -3.14155, 1.13917, -0.00461474, -0.007244, -0.842094, 0.539262
0.209886, 2.27539, 4.48116, 0.187886, 3.12424, -3.14111, 1.13912, -0.00447643, -0.00743456, -0.842106, 0.539242
0.219874, 2.27542, 4.48115, 0.187905, 3.12435, -3.14141, 1.13913, -0.00457168, -0.00730843, -0.842103, 0.539248
0.230031, 2.27538, 4.48114, 0.187856, 3.12412, -3.14136, 1.13919, -0.00461341, -0.0074206, -0.842085, 0.539273
0.240064, 2.27539, 4.48118, 0.187876, 3.12424, -3.14117, 1.13908, -0.00450153, -0.00741918, -0.842116, 0.539227
0.250067, 2.2754, 4.48117, 0.187876, 3.12424, -3.14121, 1.13914, -0.00451888, -0.00740955, -0.8421, 0.539252
0.259975, 2.27541, 4.48114, 0.187863, 3.12433, -3.14139, 1.139, -0.00456878, -0.00732306, -0.842138, 0.539192
0.269814, 2.27542, 4.48116, 0.187895, 3.12442, -3.14131, 1.13912, -0.0045135, -0.00730714, -0.842108, 0.539241
0.279838, 2.2754, 4.48114, 0.187857, 3.12413, -3.14099, 1.13908, -0.00445709, -0.00751489, -0.842115, 0.539227
0.289982, 2.27542, 4.48117, 0.187875, 3.12431, -3.14132, 1.13911, -0.00454581, -0.00734987, -0.84211, 0.539237
0.300016, 2.27539, 4.48116, 0.18789, 3.12432, -3.1412, 1.13915, -0.00449282, -0.00737558, -0.842098, 0.539255
0.309859, 2.2754, 4.48117, 0.187895, 3.12434, -3.14122, 1.13913, -0.00449768, -0.00736588, -0.842104, 0.539246
0.320178, 2.27541, 4.48117, 0.187913, 3.12419, -3.14095, 1.13902, -0.00442379, -0.00750139, -0.842132, 0.539202
0.330012, 2.27538, 4.48113, 0.187863, 3.12392, 3.14127, 1.13938, -0.00490244, -0.00735522, -0.842037, 0.539347
0.339972, 2.2753, 4.48093, 0.187811, 3.12319, 3.14083, 1.13967, -0.0052876, -0.00754179, -0.841955, 0.539469
0.350021, 2.27511, 4.48042, 0.18776, 3.12267, -3.14157, 1.13977, -0.00509762, -0.00797313, -0.841926, 0.539509
0.359858, 2.27484, 4.47964, 0.187758, 3.12326, 3.14136, 1.14056, -0.00504705, -0.00765268, -0.841714, 0.539845
0.374846, 2.27429, 4.47818, 0.18789, 3.12371, 3.14085, 1.14245, -0.00514745, -0.00731976, -0.841207, 0.540639
0.384821, 2.27378, 4.47689, 0.187892, 3.12311, 3.14023, 1.14408, -0.00557377, -0.00740174, -0.840767, 0.541318
0.394827, 2.27317, 4.47515, 0.187915, 3.12234, 3.14003, 1.14609, -0.00587425, -0.00766303, -0.840218, 0.542163
0.404823, 2.2724, 4.47308, 0.188004, 3.12262, 3.13968, 1.14873, -0.00595864, -0.00744514, -0.839505, 0.543269
0.41491, 2.27137, 4.47062, 0.18798, 3.12256, 3.1398, 1.15178, -0.0059339, -0.00749099, -0.838674, 0.54455
0.424943, 2.27037, 4.46789, 0.188047, 3.12289, 3.13994, 1.15488, -0.00579843, -0.0073838, -0.837829, 0.545852
0.434875, 2.2692, 4.46483, 0.187989, 3.1228, 3.13993, 1.15806, -0.00583827, -0.00741149, -0.836962, 0.54718
0.445, 2.26793, 4.46159, 0.187982, 3.12298, 3.13921, 1.1617, -0.00610235, -0.00712566, -0.835966, 0.548701
0.454943, 2.26667, 4.45802, 0.18804, 3.12277, 3.14016, 1.16531, -0.00577639, -0.00746139, -0.834971, 0.550212
0.464906, 2.26521, 4.45409, 0.187986, 3.12279, 3.14058, 1.16922, -0.0056103, -0.00756057, -0.833893, 0.551847
0.474971, 2.26454, 4.45087, 0.18938, 3.13563, 3.1206, 1.15387, -0.0104218, 0.00322606, -0.838107, 0.545397
0.484868, 2.26301, 4.44655, 0.189483, 3.13632, 3.11993, 1.15824, -0.0105085, 0.00372212, -0.836908, 0.547231
0.494912, 2.26132, 4.44209, 0.189513, 3.13624, 3.11971, 1.16345, -0.0106143, 0.00377664, -0.835479, 0.549407
0.504837, 2.25967, 4.43746, 0.189536, 3.1354, 3.12064, 1.1683, -0.0104447, 0.00319491, -0.83415, 0.55143
0.514879, 2.25793, 4.43264, 0.189489, 3.13497, 3.12117, 1.17345, -0.0103366, 0.0028962, -0.83273, 0.553576
0.524827, 2.2561, 4.42754, 0.189453, 3.13504, 3.12109, 1.17899, -0.0103418, 0.00297675, -0.831192, 0.555882
0.535017, 2.25427, 4.42223, 0.189415, 3.13511, 3.12113, 1.18433, -0.0102952, 0.00302197, -0.829706, 0.558097
0.54989, 2.2515, 4.41388, 0.18938, 3.135, 3.12171, 1.19302, -0.0100748, 0.00285664, -0.827275, 0.561699
0.560088, 2.24967, 4.40806, 0.18942, 3.13555, 3.12046, 1.19886, -0.0104295, 0.00346594, -0.825626, 0.56411
0.56996, 2.24782, 4.40203, 0.189422, 3.13556, 3.12083, 1.20481, -0.0102637, 0.00339691, -0.823945, 0.566567
0.580055, 2.24594, 4.39576, 0.189496, 3.13673, 3.12009, 1.21091, -0.0102243, 0.00412313, -0.822208, 0.56908
0.590026, 2.24405, 4.38941, 0.189475, 3.13634, 3.12128, 1.21705, -0.00983549, 0.00364943, -0.820463, 0.571603
0.599988, 2.24211, 4.38288, 0.189516, 3.13623, 3.12131, 1.22347, -0.00984057, 0.00362844, -0.818623, 0.574236
0.610075, 2.24024, 4.37618, 0.189502, 3.1357, 3.122, 1.2298, -0.00969883, 0.00324463, -0.816806, 0.576822
0.620045, 2.23848, 4.36929, 0.189509, 3.13592, 3.1216, 1.23612, -0.00979128, 0.0034832, -0.814976, 0.579401
0.630073, 2.23674, 4.36221, 0.189498, 3.13574, 3.12187, 1.24254, -0.00972047, 0.00335995, -0.813113, 0.582016
0.640002, 2.23491, 4.35493, 0.189441, 3.13643, 3.12015, 1.24938, -0.0102061, 0.00417408, -0.81111, 0.58479
0.650033, 2.23312, 4.34757, 0.18944, 3.13551, 3.12121, 1.25629, -0.0100299, 0.00352885, -0.809091, 0.587588
0.659946, 2.23135, 4.34005, 0.189412, 3.13487, 3.12058, 1.26378, -0.0104622, 0.00349478, -0.806884, 0.590606
0.66984, 2.22953, 4.33224, 0.189395, 3.13477, 3.12159, 1.27093, -0.0100743, 0.00319026, -0.80477, 0.593492
0.679854, 2.22774, 4.32426, 0.189384, 3.13513, 3.12121, 1.27876, -0.010106, 0.00348541, -0.802441, 0.596636
0.689867, 2.22621, 4.31596, 0.189257, 3.13569, 3.11987, 1.28525, -0.010465, 0.004147, -0.800493, 0.599237
0.705095, 2.22324, 4.30346, 0.188914, 3.13399, 3.12183, 1.29814, -0.0101675, 0.00294299, -0.796625, 0.604381
0.714898, 2.22149, 4.29488, 0.188727, 3.13328, 3.1212, 1.30647, -0.0106251, 0.00289624, -0.794101, 0.607686
0.724984, 2.21986, 4.28613, 0.188663, 3.13307, 3.1202, 1.31469, -0.0110685, 0.0031621, -0.791592, 0.610941
0.735132, 2.21777, 4.27621, 0.187884, 3.12754, 3.1325, 1.3213, -0.00790095, -0.00276121, -0.789587, 0.613582
0.745121, 2.21619, 4.26715, 0.187891, 3.12763, 3.132, 1.32992, -0.00808092, -0.00253263, -0.786935, 0.616978
0.755007, 2.21472, 4.25802, 0.187855, 3.1271, 3.13178, 1.33885, -0.00834469, -0.00263749, -0.784169, 0.620485
0.76501, 2.21322, 4.24863, 0.187858, 3.12774, 3.13034, 1.34801, -0.00871833, -0.00189792, -0.781323, 0.624064
0.774991, 2.21167, 4.23911, 0.187846, 3.12758, 3.13102, 1.3574, -0.00851101, -0.00213349, -0.778382, 0.62773
0.785032, 2.20631, 4.22901, 0.186633, 3.12131, -3.13821, 1.37902, -0.00514513, -0.0088983, -0.771506, 0.636139
0.794876, 2.20488, 4.21919, 0.186622, 3.12126, -3.13699, 1.38854, -0.00473819, -0.00928633, -0.768465, 0.639807
0.804868, 2.20368, 4.2092, 0.18669, 3.12216, -3.13867, 1.39834, -0.00513516, -0.00837982, -0.76533, 0.643563
0.814916, 2.20267, 4.1991, 0.186806, 3.12271, -3.14063, 1.40809, -0.00574392, -0.00750788, -0.762194, 0.64728
0.824833, 2.20167, 4.18888, 0.186756, 3.12228, -3.14038, 1.41787, -0.00582561, -0.00772485, -0.759017, 0.650999
0.835049, 2.20072, 4.17855, 0.186677, 3.12145, -3.13995, 1.42791, -0.0059725, -0.00815087, -0.755733, 0.654802
0.845017, 2.19988, 4.16814, 0.186684, 3.12105, -3.14026, 1.43814, -0.00626479, -0.00816654, -0.752374, 0.658655
0.855048, 2.19905, 4.15748, 0.186636, 3.12076, -3.14021, 1.44856, -0.00638486, -0.00825892, -0.74893, 0.662567
0.865006, 2.19833, 4.14664, 0.186596, 3.12072, -3.13848, 1.45905, -0.00579513, -0.00881708, -0.745437, 0.666492
0.879881, 2.19735, 4.13006, 0.18665, 3.12074, -3.13774, 1.47531, -0.00558632, -0.00901291, -0.739994, 0.67253
0.890033, 2.19671, 4.11883, 0.18673, 3.12127, -3.13652, 1.48637, -0.00500697, -0.0091974, -0.736259, 0.676619
0.900058, 2.19622, 4.10748, 0.186833, 3.12181, -3.13427, 1.49765, -0.00405208, -0.00973413, -0.732423, 0.680769
0.910044, 2.19583, 4.09603, 0.186938, 3.12197, -3.13415, 1.50922, -0.00401175, -0.009697, -0.728473, 0.684995
0.920019, 2.19565, 4.08454, 0.186942, 3.1214, -3.13319, 1.52082, -0.00391466, -0.0102074, -0.724483, 0.689206
0.929826, 2.19514, 4.07202, 0.186723, 3.11869, -3.1386, 1.53265, -0.00686577, -0.00928676, -0.720406, 0.693457
0.940068, 2.19511, 4.06035, 0.186641, 3.11839, -3.13715, 1.54447, -0.00650653, -0.00986032, -0.716284, 0.697709
0.950025, 2.19521, 4.0485, 0.186574, 3.11825, -3.13606, 1.55638, -0.00622153, -0.0102558, -0.712112, 0.701964
0.959993, 2.19546, 4.03647, 0.186469, 3.11794, -3.1358, 1.5685, -0.00629962, -0.0104176, -0.707841, 0.706267
0.969843, 2.19593, 4.0244, 0.186442, 3.11768, -3.13604, 1.58102, -0.00654302, -0.0103818, -0.703406, 0.710682
0.97982, 2.19662, 4.01212, 0.186494, 3.11784, -3.13656, 1.59324, -0.00673283, -0.0101018, -0.699053, 0.714967
0.989933, 2.19739, 3.99973, 0.186548, 3.11827, -3.13637, 1.60584, -0.00657292, -0.00997785, -0.694537, 0.719358
1.00001, 2.19824, 3.98723, 0.186475, 3.11858, -3.13544, 1.61836, -0.00620587, -0.0101651, -0.690019, 0.723693
1.0101, 2.19937, 3.97472, 0.186435, 3.11877, -3.13529, 1.63069, -0.00614734, -0.0101194, -0.685541, 0.727937
1.02003, 2.20059, 3.96218, 0.186307, 3.11893, -3.13508, 1.64335, -0.0060805, -0.0100996, -0.680921, 0.732262
1.02989, 2.20184, 3.94946, 0.186053, 3.11871, -3.1337, 1.65604, -0.005758, -0.010646, -0.676252, 0.736571
1.04006, 2.20336, 3.9367, 0.185877, 3.11903, -3.13305, 1.66865, -0.00548984, -0.0107405, -0.671592, 0.740823
1.0499, 2.20544, 3.92385, 0.18595, 3.11981, -3.13596, 1.68132, -0.00623472, -0.00936139, -0.666907, 0.745056
1.06007, 2.20772, 3.91119, 0.186112, 3.12092, -3.13499, 1.69458, -0.00556156, -0.00931895, -0.661952, 0.749468
1.07482, 2.2109, 3.89151, 0.186341, 3.12192, -3.13207, 1.71367, -0.00431634, -0.010038, -0.654758, 0.755759
1.08503, 2.21323, 3.87833, 0.186446, 3.1223, -3.13072, 1.72692, -0.00379917, -0.0104023, -0.649733, 0.760082
1.09485, 2.21592, 3.86498, 0.186377, 3.12279, -3.13072, 1.74001, -0.00368167, -0.0102171, -0.644746, 0.76432
1.10483, 2.21868, 3.85127, 0.186119, 3.12288, -3.13238, 1.75259, -0.00424233, -0.00952551, -0.639935, 0.768358
1.11487, 2.22174, 3.83784, 0.185853, 3.12375, -3.13362, 1.76542, -0.00436002, -0.00874789, -0.635002, 0.772449
1.12501, 2.22522, 3.82482, 0.185896, 3.12513, -3.1329, 1.77887, -0.00365527, -0.00856135, -0.629797, 0.776704
1.13509, 2.22876, 3.81142, 0.185865, 3.12505, -3.13305, 1.79209, -0.0037921, -0.0085022, -0.624649, 0.78085
1.14511, 2.23248, 3.79799, 0.186042, 3.1251, -3.13274, 1.80564, -0.00373305, -0.00858344, -0.619344, 0.785064
1.15501, 2.23626, 3.78442, 0.186214, 3.12579, -3.13219, 1.81942, -0.00335086, -0.00856018, -0.613918, 0.789317
1.16487, 2.24019, 3.77072, 0.186383, 3.12722, -3.1315, 1.8333, -0.0026311, -0.00837494, -0.608428, 0.793561
1.17502, 2.24438, 3.75698, 0.186378, 3.12781, -3.13279, 1.84748, -0.00284716, -0.00766561, -0.602798, 0.797852
1.1851, 2.24888, 3.74333, 0.186296, 3.1278, -3.13389, 1.86145, -0.00323212, -0.00720726, -0.597215, 0.802043
1.19491, 2.25357, 3.72964, 0.186161, 3.12785, -3.13529, 1.87553, -0.00367331, -0.00660502, -0.591556, 0.806229
1.20483, 2.25827, 3.71589, 0.186107, 3.12852, -3.13517, 1.88954, -0.00341518, -0.00642915, -0.585898, 0.810352
1.2149, 2.2633, 3.70214, 0.186069, 3.12854, -3.13543, 1.90388, -0.00353071, -0.00629508, -0.580072, 0.814534
1.22508, 2.26851, 3.68826, 0.186032, 3.12855, -3.13784, 1.91863, -0.00426333, -0.00527921, -0.574057, 0.818787
1.23504, 2.27375, 3.67405, 0.185911, 3.12877, -3.13785, 1.93209, -0.00420972, -0.00518234, -0.568537, 0.822631
1.245, 2.27906, 3.65981, 0.18575, 3.12664, 3.13472, 1.94659, -0.00811348, -0.00136695, -0.562581, 0.826701
1.25503, 2.28575, 3.6477, 0.185964, 3.13236, -3.13509, 1.96262, -0.00203063, -0.00526889, -0.555913, 0.831221
1.26982, 2.2968, 3.62863, 0.185845, 0.00336531, -0.0527027, -1.15425, 0.0157857, -0.021163, -0.545465, 0.837718
1.2799, 2.3029, 3.61486, 0.185509, 0.00281288, -0.0503066, -1.1399, 0.0147548, -0.0204164, -0.539448, 0.841642
1.29004, 2.30947, 3.60113, 0.185246, 0.00198218, -0.0485951, -1.12512, 0.013796, -0.0200227, -0.533214, 0.845631
1.30004, 2.31632, 3.58748, 0.185061, 0.00182017, -0.04694, -1.11018, 0.0131413, -0.0194647, -0.526893, 0.849607
1.31003, 2.32338, 3.57364, 0.184949, 0.00244003, -0.0440834, -1.09555, 0.0125194, -0.0181799, -0.520685, 0.853464
1.31999, 2.32976, 3.55875, 0.185039, 3.13592, -3.12078, 2.05783, 0.00293658, -0.0103769, -0.515695, 0.856704
1.33004, 2.33752, 3.54522, 0.185101, 3.13534, -3.12296, 2.07253, 0.00205545, -0.00960675, -0.509389, 0.860481
1.34003, 2.34545, 3.53181, 0.185039, 3.13434, -3.12325, 2.08741, 0.00148218, -0.00975113, -0.502966, 0.86425
1.35001, 2.35333, 3.51837, 0.184703, 3.13394, -3.12147, 2.10249, 0.00167414, -0.0106314, -0.496428, 0.868011
1.36007, 2.36149, 3.50495, 0.184428, 3.13355, -3.12189, 2.11747, 0.00132362, -0.0105589, -0.489914, 0.871706
1.37007, 2.37014, 3.49156, 0.184241, 3.13401, -3.12239, 2.13233, 0.00132165, -0.0102383, -0.483429, 0.875323
1.37987, 2.37903, 3.47823, 0.184313, 3.13415, -3.12483, 2.14727, 0.000728157, -0.00914093, -0.476887, 0.878917
1.39002, 2.38803, 3.4648, 0.184388, 3.13633, -3.1234, 2.16237, 0.00195581, -0.00926758, -0.47024, 0.882488
1.39987, 2.39729, 3.45151, 0.184471, 3.13652, -3.12321, 2.17789, 0.00201415, -0.00932162, -0.463378, 0.886109
1.41482, 2.41171, 3.43188, 0.18438, 3.13779, -3.12147, 2.20069, 0.00286598, -0.00982757, -0.453249, 0.891325
1.42006, 2.41665, 3.42535, 0.184287, 3.13791, -3.12203, 2.20823, 0.00275839, -0.00956545, -0.449887, 0.89303
1.42987, 2.42671, 3.41239, 0.184134, 3.13732, -3.1238, 2.22397, 0.00202645, -0.00892227, -0.442849, 0.89655
1.44497, 2.44183, 3.3913, 0.183728, 3.13885, -3.12119, 2.24903, 0.00316416, -0.00979233, -0.431578, 0.902017
1.45513, 2.45235, 3.37874, 0.183708, 3.13902, -3.1199, 2.26479, 0.00343712, -0.0103669, -0.424454, 0.905383
1.46501, 2.4632, 3.36617, 0.183682, 3.13966, -3.11934, 2.28013, 0.00376802, -0.0105143, -0.417499, 0.908609
1.47484, 2.47442, 3.35381, 0.18362, 3.13858, -3.12101, 2.2955, 0.00285103, -0.0100039, -0.410506, 0.911799
1.4851, 2.48592, 3.34165, 0.183621, 3.13923, -3.12048, 2.31096, 0.0031804, -0.010137, -0.403443, 0.914943
1.49485, 2.49751, 3.32954, 0.183592, 3.13979, -3.11952, 2.32628, 0.00354822, -0.0104879, -0.396427, 0.917999
1.50485, 2.50916, 3.31757, 0.183632, 3.13839, -3.11992, 2.34259, 0.0027394, -0.0106071, -0.38892, 0.921207
1.51495, 2.52103, 3.30574, 0.183585, 3.14007, -3.11646, 2.35843, 0.004091, -0.0119064, -0.381613, 0.924236
1.52503, 2.53319, 3.29395, 0.183505, 3.13969, -3.11678, 2.37429, 0.00376208, -0.0118603, -0.374271, 0.927236
1.53503, 2.54577, 3.28244, 0.183417, 3.13954, -3.11714, 2.3898, 0.00353238, -0.0117513, -0.367066, 0.930114
1.54489, 2.55859, 3.27122, 0.183343, 3.13853, -3.11796, 2.40524, 0.00282189, -0.0115736, -0.359871, 0.932926
1.55503, 2.5714, 3.25993, 0.183139, 3.13846, -3.11622, 2.421, 0.00300974, -0.0124245, -0.352505, 0.935723
1.56508, 2.58436, 3.24875, 0.183007, 3.13929, -3.11456, 2.4367, 0.00358472, -0.0130839, -0.34515, 0.93845
1.57496, 2.59768, 3.23763, 0.182911, 3.14049, -3.11431, 2.4525, 0.00408788, -0.0130238, -0.337733, 0.941143
1.58506, 2.61177, 3.22666, 0.18278, 0.00235373, -0.0288498, -0.673476, 0.00587661, -0.0132255, -0.330391, 0.943733
1.59503, 2.62581, 3.21598, 0.182952, 0.0041905, -0.0272003, -0.658344, 0.00637882, -0.0121923, -0.323256, 0.946211
1.60504, 2.63936, 3.20487, 0.182918, 0.00540707, -0.0283637, -0.638905, 0.0070201, -0.0126149, -0.314051, 0.949296
1.62005, 2.66055, 3.18936, 0.182752, 0.00711105, -0.0310947, -0.615008, 0.008094, -0.0137413, -0.302695, 0.952954
1.6298, 2.67503, 3.17927, 0.182675, 0.00578422, -0.0307005, -0.598662, 0.00728948, -0.0138143, -0.294887, 0.955404
1.64005, 2.68989, 3.16938, 0.182528, 0.00585813, -0.0295579, -0.582769, 0.00705079, -0.013314, -0.287288, 0.957726
1.65004, 2.70498, 3.15963, 0.182488, 0.00659266, -0.0277612, -0.567301, 0.00704881, -0.012403, -0.279877, 0.95993
1.66002, 2.72028, 3.15012, 0.182634, 0.00754194, -0.0258241, -0.551501, 0.00714362, -0.0113972, -0.272291, 0.962121
1.66984, 2.7358, 3.14106, 0.182766, 0.00637195, -0.0245665, -0.536779, 0.00632884, -0.0109984, -0.265195, 0.964111
1.67992, 2.75115, 3.13211, 0.182789, 0.0071118, -0.0265541, -0.521218, 0.00685648, -0.0119121, -0.25769, 0.96613
1.69005, 2.76674, 3.12347, 0.182772, 0.00731431, -0.0278889, -0.506075, 0.00703114, -0.0125844, -0.250369, 0.968043
1.70006, 2.78269, 3.11495, 0.1828, 0.00531372, -0.0259359, -0.490741, 0.00572708, -0.0119338, -0.242928, 0.969954
1.71006, 2.79885, 3.10647, 0.182886, 0.00730379, -0.0250985, -0.475439, 0.006504, -0.011336, -0.235511, 0.971784
1.72006, 2.81519, 3.09816, 0.182969, 0.00884873, -0.0240157, -0.460636, 0.00704836, -0.0106804, -0.22832, 0.973502
1.72989, 2.832, 3.0925, 0.182692, 0.00930584, -0.0257472, -0.45694, 0.00744722, -0.0114848, -0.226525, 0.973909
1.74006, 2.84844, 3.08474, 0.182572, 0.00967423, -0.0263028, -0.441315, 0.00759775, -0.0117734, -0.218912, 0.975644
1.75003, 2.86505, 3.07714, 0.182393, 0.0104802, -0.0265542, -0.425416, 0.0079243, -0.0118712, -0.211154, 0.977349
1.76007, 2.88192, 3.0698, 0.182408, 0.0102905, -0.0248481, -0.409829, 0.00756516, -0.0111168, -0.203528, 0.978977
1.77005, 2.89897, 3.06263, 0.182425, 0.0116949, -0.0238226, -0.394224, 0.00806635, -0.0105351, -0.195889, 0.980536
1.77989, 2.91609, 3.05559, 0.182385, 0.0143487, -0.024355, -0.378598, 0.00933694, -0.0106095, -0.188238, 0.982022
1.79501, 2.94199, 3.04591, 0.182502, 0.013727, -0.024669, -0.354299, 0.00892906, -0.0109314, -0.17629, 0.984237
1.80502, 2.9596, 3.03989, 0.18256, 0.0131324, -0.0237737, -0.338906, 0.00847617, -0.0106088, -0.168705, 0.985573
1.81489, 2.97733, 3.03395, 0.182565, 0.0124727, -0.0230174, -0.322911, 0.0080048, -0.0103561, -0.160812, 0.986898
1.825, 2.99508, 3.02825, 0.182476, 0.0115476, -0.0225897, -0.306804, 0.00743142, -0.0102796, -0.152853, 0.988167
1.83509, 3.01288, 3.02287, 0.182314, 0.0117094, -0.0234391, -0.29102, 0.00749165, -0.0107464, -0.145052, 0.989337
1.84492, 3.03085, 3.01783, 0.182221, 0.011374, -0.023936, -0.275302, 0.00727493, -0.011074, -0.137272, 0.990445
1.85511, 3.04902, 3.01328, 0.182173, 0.0105396, -0.0238243, -0.260041, 0.00676935, -0.011128, -0.129706, 0.991467
1.86484, 3.06727, 3.00875, 0.182184, 0.00844321, -0.0233761, -0.244044, 0.00561254, -0.011087, -0.121759, 0.992482
1.87498, 3.08528, 3.00212, 0.182476, 0.0144279, -0.0241745, -0.219418, 0.00849334, -0.0112242, -0.109565, 0.99388
1.88511, 3.1036, 2.99789, 0.182426, 0.0152602, -0.0251274, -0.203058, 0.00886346, -0.011725, -0.101439, 0.994733
1.89498, 3.12222, 2.99404, 0.182448, 0.0153511, -0.0248322, -0.18709, 0.00880106, -0.0116442, -0.0934936, 0.995513
1.90501, 3.14104, 2.99074, 0.182597, 0.0139779, -0.0233825, -0.17158, 0.00796445, -0.0110489, -0.0857584, 0.996223
1.91482, 3.15988, 2.98775, 0.182642, 0.0142256, -0.0235077, -0.155908, 0.00800592, -0.0111637, -0.077951, 0.996863
1.92497, 3.17854, 2.98467, 0.182554, 0.0145065, -0.0251006, -0.139399, 0.008109, -0.0120141, -0.0697265, 0.997461
1.93998, 3.20669, 2.98059, 0.18226, 0.0150519, -0.0276453, -0.114503, 0.00830373, -0.0133686, -0.057317, 0.998232
1.9501, 3.22587, 2.97855, 0.182362, 0.0143986, -0.0264758, -0.0982892, 0.00784017, -0.0128676, -0.0492144, 0.998675
1.95995, 3.24525, 2.9767, 0.182532, 0.0159685, -0.0241943, -0.0829878, 0.00847849, -0.0117549, -0.0415741, 0.99903
1.97001, 3.26457, 2.97496, 0.182751, 0.0160844, -0.0231374, -0.0665295, 0.00842186, -0.0112942, -0.0333483, 0.999344
1.97992, 3.28378, 2.97371, 0.182886, 0.0169458, -0.0239654, -0.0502183, 0.00877033, -0.0117655, -0.0252053, 0.999575
1.98978, 3.303, 2.97274, 0.182892, 0.0168631, -0.0255903, -0.0336014, 0.00864452, -0.0126509, -0.0169058, 0.99974
2.00001, 3.32228, 2.97222, 0.18291, 0.0150818, -0.0262379, -0.01739, 0.00765397, -0.0130521, -0.0087928, 0.999847
2.01004, 3.3418, 2.97187, 0.182923, 0.0141979, -0.0257786, -0.00132125, 0.00710679, -0.0128839, -0.00075205, 0.999891
2.02004, 3.36146, 2.97176, 0.182923, 0.0155767, -0.0240908, 0.0142182, 0.00770187, -0.0120998, 0.0070145, 0.999873
2.03007, 3.3811, 2.97203, 0.182954, 0.0153957, -0.023207, 0.0299939, 0.00752236, -0.011717, 0.0149056, 0.999792
2.04, 3.40053, 2.97265, 0.182909, 0.015731, -0.0238919, 0.0457762, 0.00758939, -0.0121222, 0.0227898, 0.999638
2.05015, 3.41999, 2.9736, 0.182953, 0.0142708, -0.0246513, 0.0622276, 0.00674795, -0.012541, 0.0310177, 0.999417
2.06, 3.43951, 2.97478, 0.183073, 0.0156651, -0.0246493, 0.0784754, 0.00734242, -0.0126217, 0.039127, 0.999128
2.07002, 3.45919, 2.97614, 0.183288, 0.0174363, -0.0239768, 0.0946808, 0.00814038, -0.0123868, 0.0472131, 0.998775
2.07984, 3.47872, 2.978, 0.183571, 0.0176647, -0.0235089, 0.110974, 0.00816616, -0.0122254, 0.0553491, 0.998359
2.09017, 3.4982, 2.98025, 0.183688, 0.0154177, -0.0248026, 0.127356, 0.00690347, -0.012866, 0.0635326, 0.997873
2.10502, 3.52749, 2.98401, 0.18383, 0.0171235, -0.0252999, 0.151947, 0.00757621, -0.0132625, 0.0757837, 0.997007
2.11482, 3.54707, 2.98691, 0.183999, 0.0158848, -0.0251356, 0.168685, 0.00685478, -0.0131914, 0.0841338, 0.996344
2.12504, 3.56662, 2.99003, 0.18412, 0.017158, -0.0242414, 0.184985, 0.00742221, -0.0128605, 0.0922471, 0.995625
2.13501, 3.58599, 2.99306, 0.18438, 0.0198366, -0.0231247, 0.202677, 0.00869699, -0.0125055, 0.101039, 0.994766
2.14499, 3.6054, 2.99702, 0.184568, 0.0208534, -0.023027, 0.218896, 0.0091059, -0.0125826, 0.109097, 0.99391
2.15507, 3.62486, 3.00124, 0.184759, 0.0186116, -0.0234716, 0.235294, 0.0078633, -0.0127461, 0.117254, 0.992989
2.16493, 3.64434, 3.00572, 0.184812, 0.019952, -0.0231335, 0.251214, 0.00844765, -0.0127245, 0.125148, 0.992021
2.17502, 3.66389, 3.0103, 0.184775, 0.0219902, -0.0216604, 0.267107, 0.00945434, -0.0121968, 0.133023, 0.990993
2.18501, 3.6834, 3.01533, 0.184665, 0.0230046, -0.0197782, 0.28267, 0.00999391, -0.0114098, 0.140736, 0.989931
2.19498, 3.70284, 3.02107, 0.184659, 0.0200235, -0.0184609, 0.298067, 0.00852971, -0.010614, 0.148377, 0.988837
2.20504, 3.72208, 3.02692, 0.184632, 0.0196715, -0.0179831, 0.314066, 0.00830811, -0.0104185, 0.156287, 0.987622
2.21495, 3.74127, 3.03269, 0.184563, 0.0205904, -0.0175631, 0.330649, 0.00870916, -0.0103555, 0.164468, 0.98629
2.22493, 3.76034, 3.039, 0.184493, 0.022773, -0.0168668, 0.346845, 0.00975997, -0.010271, 0.172443, 0.984918
2.23495, 3.77938, 3.04587, 0.184594, 0.0214317, -0.0165554, 0.363248, 0.00904396, -0.0100764, 0.180523, 0.983478
2.24493, 3.79832, 3.05327, 0.184909, 0.0195909, -0.0150488, 0.378929, 0.00820272, -0.00923403, 0.188246, 0.982044
2.25976, 3.82607, 3.0644, 0.18533, 0.0185032, -0.0145363, 0.404834, 0.00760127, -0.00897922, 0.200958, 0.979529
2.26486, 3.83533, 3.06814, 0.185307, 0.0197005, -0.0145702, 0.413059, 0.0081467, -0.00914973, 0.204979, 0.97869
2.27974, 3.86654, 3.08222, 0.185759, 0.0320908, -0.0106271, 0.444189, 0.0144802, -0.0087165, 0.220158, 0.975318
2.28997, 3.88505, 3.09063, 0.185901, 0.0331125, -0.00862452, 0.460801, 0.0151332, -0.00797842, 0.228265, 0.973449
2.29997, 3.90351, 3.09934, 0.186116, 0.0341038, -0.00679954, 0.477255, 0.0157643, -0.00733327, 0.236277, 0.97153
2.3098, 3.9218, 3.10834, 0.186296, 0.0331588, -0.00663424, 0.494092, 0.0152642, -0.00727009, 0.244452, 0.969514
2.32, 3.94014, 3.11753, 0.186375, 0.0365233, -0.00450948, 0.510212, 0.0171007, -0.00678943, 0.252265, 0.967483
2.32989, 3.95842, 3.12705, 0.186405, 0.0372808, -0.00239354, 0.526283, 0.0176865, -0.00600375, 0.260048, 0.965415
2.34002, 3.97635, 3.13712, 0.186398, 0.0351283, -0.00211239, 0.542995, 0.0166367, -0.00572736, 0.268115, 0.963226
2.35009, 3.99558, 3.14741, 0.186627, 0.0380423, -0.00249477, 0.561109, 0.017931, -0.00646482, 0.276815, 0.960734
2.36001, 4.01328, 3.15755, 0.186456, 0.0413671, -0.00200873, 0.577757, 0.019539, -0.00685439, 0.284796, 0.958364
2.37013, 4.03038, 3.16819, 0.186178, 0.0434023, -0.00230273, 0.595616, 0.0204065, -0.00746759, 0.293332, 0.955764
2.37981, 4.04744, 3.17955, 0.18619, 0.0418086, -0.00372213, 0.611702, 0.0193724, -0.00806823, 0.301001, 0.953393
2.38999, 4.06457, 3.1912, 0.186324, 0.0399351, -0.00373332, 0.627682, 0.0184148, -0.00793898, 0.308617, 0.950975
2.39997, 4.08173, 3.2029, 0.18653, 0.0402826, -0.00108262, 0.643271, 0.0189361, -0.00688006, 0.316044, 0.948531
2.40999, 4.09859, 3.21482, 0.186607, 0.0407694, 2.74636e-05, 0.659354, 0.01929, -0.00658585, 0.323671, 0.94595
2.41998, 4.1149, 3.22724, 0.186595, 0.0408358, -0.00126939, 0.675519, 0.0190526, -0.0073642, 0.331293, 0.943307
2.42992, 4.13112, 3.23978, 0.186575, 0.041504, -0.00277227, 0.691749, 0.0190518, -0.00833859, 0.338919, 0.940586
2.44005, 4.14727, 3.25249, 0.186687, 0.0428347, -0.00192568, 0.707687, 0.0197554, -0.00832364, 0.346407, 0.937839
2.45505, 4.17163, 3.27234, 0.187262, 0.0419966, 0.00186081, 0.731098, 0.019942, -0.00663681, 0.357401, 0.933714
2.46494, 4.1874, 3.28609, 0.187725, 0.0411026, 0.00337544, 0.746434, 0.0197504, -0.00592152, 0.364568, 0.930949
2.47496, 4.20271, 3.3001, 0.188108, 0.0393289, 0.00158466, 0.762669, 0.0185456, -0.00658256, 0.372102, 0.927983
2.48502, 4.21797, 3.31397, 0.188206, 0.0409855, 0.000756117, 0.778829, 0.0191007, -0.00742979, 0.379574, 0.924934
2.49506, 4.23316, 3.32798, 0.188092, 0.0421839, -0.000305207, 0.794985, 0.019387, -0.00830492, 0.387018, 0.921831
2.50501, 4.24818, 3.34251, 0.188019, 0.0424198, 0.000369763, 0.810663, 0.0195627, -0.00819307, 0.394239, 0.918763
2.51485, 4.26294, 3.35764, 0.188069, 0.0392579, 0.000148904, 0.825391, 0.0180097, -0.00780409, 0.401004, 0.915866
2.52501, 4.27665, 3.37473, 0.18866, 0.0351521, -0.00141981, 0.833217, 0.0157847, -0.00776106, 0.404587, 0.91433
2.53493, 4.29111, 3.38976, 0.188767, 0.0390917, 0.00104957, 0.848699, 0.0180271, -0.00756891, 0.411659, 0.911128
2.545, 4.30529, 3.40467, 0.188853, 0.043746, 0.00208577, 0.864445, 0.0202967, -0.0082149, 0.41881, 0.90781
2.55508, 4.31907, 3.42014, 0.188917, 0.0454469, 0.000907932, 0.88013, 0.02075, -0.00926871, 0.425898, 0.904486
2.56495, 4.33261, 3.43628, 0.18922, 0.0433578, 0.000945322, 0.894833, 0.0197479, -0.00895234, 0.432545, 0.901351
2.57486, 4.34601, 3.45271, 0.189505, 0.0406242, 0.00218918, 0.90898, 0.0187293, -0.0079332, 0.438933, 0.898289
2.58503, 4.35936, 3.4691, 0.189641, 0.0387988, 0.00277189, 0.92376, 0.0179831, -0.00740396, 0.445572, 0.895035
2.59501, 4.37245, 3.48549, 0.189621, 0.0400094, 0.00411272, 0.938942, 0.0187692, -0.00721628, 0.45236, 0.891609
2.60505, 4.38513, 3.50224, 0.189785, 0.0391921, 0.00441588, 0.953811, 0.0184217, -0.00703342, 0.458982, 0.888227
2.61484, 4.39758, 3.51944, 0.190205, 0.0369576, 0.00513393, 0.968385, 0.0175484, -0.00632975, 0.465455, 0.884875
2.62979, 4.4158, 3.5455, 0.190958, 0.034332, 0.00583732, 0.990928, 0.0164884, -0.00559367, 0.475412, 0.879591
2.635, 4.42185, 3.55421, 0.191177, 0.0344853, 0.00693172, 0.998645, 0.0167959, -0.00521361, 0.478809, 0.877743
2.65003, 4.43929, 3.58053, 0.191524, 0.0343566, 0.00541681, 1.02243, 0.0163061, -0.00604205, 0.489204, 0.871996
2.66003, 4.45046, 3.5985, 0.19157, 0.03292, 0.0035707, 1.03777, 0.015178, -0.00661223, 0.495871, 0.868238
2.67012, 4.4616, 3.61661, 0.19165, 0.030718, 0.00280925, 1.05333, 0.0139831, -0.00650577, 0.502611, 0.864375
2.67982, 4.47255, 3.63477, 0.191672, 0.0309908, 0.00442688, 1.06846, 0.0144626, -0.00598479, 0.509145, 0.860538
2.69014, 4.48319, 3.6529, 0.191757, 0.0319374, 0.00412614, 1.08447, 0.014742, -0.00647341, 0.516014, 0.856429
2.69996, 4.49332, 3.67133, 0.191861, 0.033102, 0.00287383, 1.10003, 0.0148603, -0.00742596, 0.522648, 0.852387
2.70999, 4.50328, 3.68991, 0.192189, 0.0339726, 0.00293971, 1.1159, 0.0151876, -0.00774615, 0.529392, 0.848206
2.72002, 4.5132, 3.7088, 0.192557, 0.0343422, 0.005365, 1.13087, 0.0159348, -0.00693489, 0.535743, 0.844203
2.72988, 4.5227, 3.72788, 0.19277, 0.0337233, 0.0062345, 1.14626, 0.0158567, -0.00652421, 0.542228, 0.840056
2.74001, 4.5318, 3.74713, 0.192901, 0.0332039, 0.00662433, 1.1612, 0.0156973, -0.00633708, 0.548492, 0.835984
2.75003, 4.54066, 3.76638, 0.192952, 0.0323908, 0.00421273, 1.1773, 0.0146383, -0.00724032, 0.555195, 0.83156
2.76006, 4.54937, 3.78568, 0.192903, 0.0335325, 0.00518642, 1.19312, 0.0153262, -0.00727378, 0.561754, 0.827131
2.76998, 4.55798, 3.80514, 0.192983, 0.0344343, 0.00854066, 1.2083, 0.0165941, -0.00626594, 0.568032, 0.822815
2.77989, 4.56602, 3.82502, 0.193281, 0.0337238, 0.00881813, 1.22394, 0.0163335, -0.0060779, 0.574454, 0.818351
2.79001, 4.57353, 3.84517, 0.193655, 0.0318942, 0.00739513, 1.23965, 0.0151276, -0.00625371, 0.580861, 0.813838
2.79995, 4.58094, 3.86535, 0.194059, 0.0314368, 0.0082178, 1.25534, 0.0151345, -0.00590504, 0.587237, 0.809252
2.81012, 4.5882, 3.88539, 0.194323, 0.0324204, 0.009592, 1.27159, 0.0158896, -0.00576703, 0.593795, 0.804439
2.81996, 4.59506, 3.90551, 0.194466, 0.033419, 0.00982714, 1.28783, 0.016312, -0.0061016, 0.600308, 0.79958
2.83498, 4.60454, 3.93614, 0.194591, 0.0333367, 0.00972891, 1.3111, 0.0161773, -0.00630482, 0.60957, 0.792542
2.84497, 4.61055, 3.95664, 0.194627, 0.0329023, 0.00891646, 1.32725, 0.0157047, -0.0066214, 0.615944, 0.787606
2.85505, 4.61633, 3.97717, 0.19477, 0.0330437, 0.010905, 1.34288, 0.0163262, -0.00600955, 0.622091, 0.782751
2.865, 4.62182, 3.99779, 0.194997, 0.0332341, 0.0108662, 1.35915, 0.0163386, -0.00621712, 0.628438, 0.777663
2.8749, 4.62671, 4.01872, 0.195373, 0.0322763, 0.0115516, 1.3741, 0.0161388, -0.00577035, 0.634237, 0.772949
2.88495, 4.63117, 4.03974, 0.195738, 0.0308247, 0.0106515, 1.38957, 0.0152482, -0.00577611, 0.640199, 0.768036
2.89506, 4.63555, 4.06068, 0.195897, 0.0308071, 0.0111603, 1.40543, 0.0153596, -0.005697, 0.64627, 0.762933
2.9049, 4.63988, 4.08149, 0.195867, 0.0322552, 0.0125416, 1.42168, 0.0163119, -0.00577066, 0.652448, 0.757636
2.91487, 4.64378, 4.10253, 0.195806, 0.0321158, 0.0127514, 1.43764, 0.016282, -0.00577582, 0.658477, 0.752403
2.92507, 4.64719, 4.12399, 0.196042, 0.0298075, 0.0137605, 1.45258, 0.0157107, -0.00475359, 0.664086, 0.747476
2.93499, 4.6502, 4.14554, 0.196422, 0.0274564, 0.0140723, 1.46787, 0.0149056, -0.0039705, 0.66979, 0.74239
2.945, 4.65292, 4.16689, 0.196729, 0.0272975, 0.0148506, 1.48349, 0.0150784, -0.0037462, 0.67557, 0.737132
2.95502, 4.65545, 4.18814, 0.196966, 0.0285756, 0.0169108, 1.4991, 0.016218, -0.00354511, 0.681302, 0.731814
2.96483, 4.65754, 4.20951, 0.197091, 0.0289849, 0.0175034, 1.51474, 0.0165419, -0.00359709, 0.687005, 0.726456
2.97507, 4.65921, 4.2311, 0.19723, 0.0278489, 0.0163867, 1.53022, 0.0157174, -0.00373437, 0.692607, 0.721134
2.98502, 4.66074, 4.25281, 0.19735, 0.0257979, 0.0168566, 1.54534, 0.0151185, -0.00296902, 0.698045, 0.715888
2.99983, 4.66256, 4.28514, 0.197496, 0.024953, 0.0191706, 1.56871, 0.0156009, -0.00202807, 0.706364, 0.707674
3.01003, 4.66296, 4.30659, 0.197702, 0.024886, 0.0179381, 1.58401, 0.0151229, -0.00255645, 0.711759, 0.702257
3.01499, 4.66311, 4.31735, 0.197844, 0.0247324, 0.0177846, 1.59198, 0.015004, -0.00261547, 0.71455, 0.699418
3.02979, 4.66319, 4.34977, 0.198297, 0.0234604, 0.0196895, 1.61466, 0.0152217, -0.00166744, 0.72244, 0.691265
3.04009, 4.66296, 4.37141, 0.198399, 0.0230294, 0.0204262, 1.63024, 0.0153285, -0.00137649, 0.727801, 0.685616
3.0499, 4.66216, 4.39289, 0.198316, 0.0232638, 0.0187328, 1.64575, 0.0147765, -0.00215715, 0.733097, 0.67996
3.05999, 4.6612, 4.41448, 0.19819, 0.0233724, 0.0173664, 1.66138, 0.0142914, -0.00277335, 0.738386, 0.674221
3.06997, 4.66018, 4.43614, 0.198195, 0.022135, 0.0175698, 1.67731, 0.013931, -0.00235901, 0.743737, 0.668323
3.0799, 4.65873, 4.45781, 0.198352, 0.0209504, 0.0183768, 1.69275, 0.0138221, -0.00175547, 0.748873, 0.662567
3.09014, 4.65672, 4.47938, 0.198631, 0.021142, 0.0159173, 1.70854, 0.0129435, -0.00274445, 0.754081, 0.656649
3.09987, 4.65432, 4.50085, 0.198985, 0.0217993, 0.00988553, 1.72507, 0.0108439, -0.00506283, 0.759476, 0.650426
3.1101, 4.65178, 4.52253, 0.199154, 0.0210732, 0.0152343, 1.73903, 0.0126171, -0.0031355, 0.764003, 0.645082
3.11997, 4.64896, 4.54415, 0.199142, 0.020463, 0.0184902, 1.75354, 0.0136501, -0.00195111, 0.768664, 0.639504
3.13001, 4.64582, 4.56587, 0.199173, 0.0188987, 0.0158994, 1.76855, 0.0121376, -0.00226969, 0.773445, 0.633744
3.14, 4.6419, 4.58731, 0.198963, 0.015933, 0.0196781, 1.78309, 0.0126592, -1.72019e-05, 0.778029, 0.628101
3.15004, 4.63784, 4.60868, 0.199015, 0.0154451, 0.0177504, 1.79824, 0.0117525, -0.000521913, 0.782767, 0.622204
3.16, 4.63342, 4.62954, 0.198766, 0.0159471, 0.0197981, 1.8149, 0.0127089, -0.000187166, 0.787922, 0.615644
3.17004, 4.62914, 4.6507, 0.198809, 0.0164967, 0.0216464, 1.83021, 0.013607, 6.12347e-05, 0.792608, 0.60958
3.185, 4.62162, 4.68255, 0.199031, 0.0148853, 0.020552, 1.85235, 0.0126855, 0.000225776, 0.79931, 0.600785
3.19005, 4.61826, 4.6921, 0.198532, 0.0155398, 0.0207226, 1.85587, 0.0129503, -7.33055e-06, 0.800365, 0.599373
3.20509, 4.6102, 4.72512, 0.199154, 0.012682, 0.0317948, 1.88128, 0.0165793, 0.00424492, 0.807875, 0.589105
3.21519, 4.60452, 4.74643, 0.19926, 0.0140971, 0.0363091, 1.89516, 0.0188536, 0.00487253, 0.811927, 0.583434
3.22504, 4.5985, 4.76732, 0.199163, 0.0138083, 0.0382049, 1.91086, 0.0195817, 0.00538952, 0.816469, 0.577031
3.23485, 4.59182, 4.78811, 0.199311, 0.0128394, 0.0370909, 1.92607, 0.0188885, 0.00532009, 0.820837, 0.570825
3.24504, 4.58451, 4.80879, 0.199609, 0.0124206, 0.0357671, 1.94121, 0.0182639, 0.00497582, 0.825144, 0.564606
3.25503, 4.57718, 4.82948, 0.199868, 0.0119641, 0.0343472, 1.95679, 0.0175859, 0.00462634, 0.829523, 0.558177
3.26491, 4.56964, 4.84963, 0.199709, 0.0111151, 0.0319192, 1.97402, 0.0163785, 0.00415974, 0.83431, 0.551036
3.27504, 4.56167, 4.86997, 0.199711, 0.0114427, 0.0309317, 1.98974, 0.0160858, 0.00362456, 0.838623, 0.544462
3.28483, 4.5533, 4.89013, 0.199639, 0.011695, 0.0297266, 2.00552, 0.0156739, 0.0030671, 0.842897, 0.537837
3.29491, 4.54492, 4.91022, 0.199396, 0.0116476, 0.0322851, 2.02124, 0.0167685, 0.00364359, 0.847086, 0.531179
3.30506, 4.53645, 4.93008, 0.199098, 0.0121802, 0.0345377, 2.0377, 0.0178963, 0.00386929, 0.851417, 0.524169
3.31498, 4.52724, 4.94969, 0.198977, 0.0127595, 0.0363171, 2.05364, 0.0188375, 0.00393919, 0.855559, 0.517348
3.3251, 4.51758, 4.96925, 0.198869, 0.0130387, 0.0351468, 2.06926, 0.0184361, 0.00337297, 0.859582, 0.510654
3.33487, 4.50701, 4.98898, 0.199903, 0.00998073, 0.0294517, 2.08288, 0.0152295, 0.00312897, 0.863066, 0.504852
3.34984, 4.49134, 5.01689, 0.199186, 0.0113591, 0.030483, 2.10678, 0.0160546, 0.00260293, 0.869033, 0.494486
3.36007, 4.48092, 5.03582, 0.199003, 0.0139936, 0.0310535, 2.12374, 0.0169668, 0.00145541, 0.873195, 0.487073
3.3701, 4.46964, 5.05489, 0.198836, 0.0125365, 0.0329215, 2.14081, 0.0174485, 0.00239786, 0.877309, 0.479603
3.37983, 4.4584, 5.07408, 0.199059, 0.00952222, 0.032178, 2.15606, 0.0164261, 0.00341661, 0.88094, 0.472931
3.39006, 4.44668, 5.09314, 0.199287, 0.00623557, 0.0303644, 2.17153, 0.014884, 0.00432034, 0.884576, 0.466139
3.40004, 4.43451, 5.11179, 0.199598, 0.00494382, 0.0265661, 2.18673, 0.0129331, 0.00390804, 0.888112, 0.459428
3.41008, 4.42215, 5.13019, 0.199707, 0.00474765, 0.0250997, 2.20243, 0.0122652, 0.0035621, 0.891698, 0.45245
3.42004, 4.40983, 5.14845, 0.199618, 0.00488484, 0.024738, 2.2185, 0.0121621, 0.00332148, 0.895308, 0.44527
3.42984, 4.39727, 5.16659, 0.19939, 0.00347505, 0.0261777, 2.23405, 0.0125255, 0.00417586, 0.898733, 0.438298
3.4401, 4.38412, 5.1845, 0.199262, 0.00236294, 0.0254583, 2.24934, 0.0119927, 0.00442636, 0.902059, 0.431423
3.44999, 4.37053, 5.20206, 0.19936, 0.00245223, 0.0216693, 2.26515, 0.0103309, 0.00348718, 0.90546, 0.424292
3.46007, 4.35678, 5.21948, 0.199431, 0.00109625, 0.0221269, 2.28055, 0.0102824, 0.0041191, 0.908695, 0.417314
3.47001, 4.34315, 5.23677, 0.19949, 3.14152, 3.11744, -0.844348, 0.0110005, 0.00498328, 0.912134, 0.409715
3.47984, 4.32903, 5.25363, 0.199634, 3.14095, 3.11658, -0.828977, 0.0113183, 0.0053335, 0.915249, 0.402694
3.49005, 4.31429, 5.27013, 0.199781, 0.00105563, 0.0226103, 2.32829, 0.0105917, 0.00398675, 0.918394, 0.395505
3.49987, 4.29933, 5.2865, 0.199891, 0.00111342, 0.0214151, 2.34406, 0.0100834, 0.00364448, 0.921489, 0.388256
3.51003, 4.28438, 5.30278, 0.199844, 0.00165094, 0.0204042, 2.36025, 0.00974757, 0.00312176, 0.924608, 0.380782
3.52007, 4.2693, 5.31905, 0.199833, 3.14112, 3.11917, -0.765619, 0.0103111, 0.00440855, 0.927559, 0.373507
3.52986, 4.25535, 5.33643, 0.201969, 3.13452, 3.12601, -0.741233, 0.00598302, 0.00611608, 0.93206, 0.362203
3.54503, 4.23131, 5.35956, 0.202229, 3.13524, 3.1283, -0.717066, 0.00510648, 0.00530755, 0.93638, 0.350911
3.55488, 4.2153, 5.37483, 0.202197, 3.13459, 3.12674, -0.700939, 0.00577537, 0.00583714, 0.939171, 0.343352
3.56509, 4.19921, 5.39, 0.201867, 3.13335, 3.1241, -0.684756, 0.00685264, 0.00681973, 0.941903, 0.335746
3.57486, 4.18264, 5.40478, 0.201603, 3.13406, 3.12411, -0.668671, 0.00702096, 0.00642573, 0.944575, 0.328158
3.58503, 4.16544, 5.41913, 0.201231, 3.13431, 3.12609, -0.654055, 0.00617232, 0.0059395, 0.946958, 0.321244
3.59487, 4.14815, 5.43352, 0.201153, 3.13384, 3.12785, -0.638203, 0.00530845, 0.00583581, 0.94948, 0.313729
3.60502, 4.13101, 5.44761, 0.200982, 3.13236, 3.12521, -0.622022, 0.00638483, 0.0068992, 0.951971, 0.306044
3.61503, 4.11357, 5.46121, 0.200735, 3.13134, 3.1216, -0.60646, 0.00800724, 0.00787563, 0.954302, 0.298634
3.6251, 4.09567, 5.47464, 0.200696, 3.13061, 3.12147, -0.591066, 0.00802619, 0.00818083, 0.956568, 0.291283
3.63502, 4.07735, 5.48776, 0.200802, 3.13021, 3.12406, -0.576017, 0.0067874, 0.00794869, 0.958745, 0.284076
3.64489, 4.05878, 5.50054, 0.200724, 3.12921, 3.12503, -0.561279, 0.0062431, 0.00824335, 0.960813, 0.277005
3.65494, 4.04023, 5.51308, 0.200563, 3.12818, 3.12505, -0.546216, 0.00615512, 0.00868635, 0.962868, 0.269764
3.66502, 4.02131, 5.52528, 0.200494, 3.12795, 3.12621, -0.531193, 0.00563159, 0.00860053, 0.964871, 0.262522
3.67498, 4.00247, 5.53741, 0.200668, 3.12681, 3.12879, -0.515405, 0.00430521, 0.00877926, 0.96692, 0.254893
3.68498, 3.9833, 5.54919, 0.200697, 3.12434, 3.1289, -0.500414, 0.00401045, 0.0099291, 0.968792, 0.247643
3.69501, 3.96411, 5.56065, 0.200697, 3.12541, 3.13045, -0.484446, 0.00346819, 0.00919041, 0.970749, 0.239894
3.70503, 3.94455, 5.57169, 0.200641, 3.12604, 3.13176, -0.468757, 0.00297662, 0.00870296, 0.972609, 0.232266
3.72, 3.91472, 5.58761, 0.200375, 3.13084, 3.13778, -0.445482, 0.000672609, 0.00566713, 0.975277, 0.22091
3.72984, 3.89481, 5.59819, 0.200066, 3.13139, 3.14041, -0.429873, -0.000509026, 0.0051082, 0.976976, 0.213285
3.74009, 3.87497, 5.60846, 0.199685, 3.13204, 3.14111, -0.413559, -0.000742361, 0.00472428, 0.978686, 0.205308
3.74985, 3.85503, 5.61825, 0.199429, 3.13245, 3.13968, -0.397371, 3.46153e-05, 0.00467045, 0.980315, 0.197383
3.76001, 3.83481, 5.62765, 0.199075, 3.133, 3.13795, -0.381503, 0.00097281, 0.00456409, 0.98185, 0.189603
3.77014, 3.81431, 5.63695, 0.198981, 3.13245, 3.13798, -0.365715, 0.000945128, 0.00482317, 0.983315, 0.181846
3.77989, 3.79349, 5.64589, 0.198839, 3.13006, 3.13764, -0.350762, 0.000937699, 0.00602069, 0.98464, 0.174491
3.79009, 3.77249, 5.65428, 0.198885, 3.13116, 3.13894, -0.335268, 0.000439548, 0.00536464, 0.985967, 0.166854
3.79996, 3.75143, 5.66237, 0.198608, 3.13162, 3.1379, -0.319636, 0.00102671, 0.00521702, 0.987241, 0.159145
3.81013, 3.73047, 5.67041, 0.198217, 3.12915, 3.13524, -0.303645, 0.0021996, 0.00662883, 0.98847, 0.151256
3.82007, 3.70779, 5.67654, 0.195778, 3.12882, 3.13066, -0.292347, 0.00447766, 0.00711538, 0.989296, 0.145683
3.82995, 3.6864, 5.68384, 0.195656, 3.12918, 3.13114, -0.27729, 0.00431978, 0.00686814, 0.990367, 0.138229
3.8401, 3.66499, 5.69055, 0.19585, 3.12663, 3.12836, -0.263939, 0.00557439, 0.00828622, 0.991249, 0.131629
3.85013, 3.6435, 5.69732, 0.195971, 3.12877, 3.12957, -0.248055, 0.00517394, 0.0071073, 0.992275, 0.123743
3.86002, 3.62197, 5.70358, 0.195925, 3.12878, 3.12787, -0.232042, 0.00607339, 0.00715886, 0.993228, 0.115799
3.87017, 3.60006, 5.70895, 0.195569, 3.13189, 3.12871, -0.214692, 0.00588374, 0.00551574, 0.994208, 0.107167
3.87992, 3.57852, 5.71441, 0.19548, 3.1353, 3.127, -0.200606, 0.00694411, 0.00385978, 0.99494, 0.100155
3.89481, 3.54563, 5.72279, 0.194551, 3.12812, 3.1262, -0.178208, 0.00706391, 0.00739368, 0.995976, 0.0890333
3.90002, 3.53435, 5.72534, 0.194098, 3.12508, 3.12769, -0.168915, 0.00622901, 0.00881259, 0.996373, 0.0844093
3.91489, 3.50121, 5.73189, 0.193942, 3.12811, 3.12819, -0.144167, 0.00620044, 0.00720693, 0.997355, 0.072063
3.92503, 3.4787, 5.73536, 0.194096, 3.13092, 3.13034, -0.129535, 0.00526731, 0.00569145, 0.997871, 0.0647505
3.9351, 3.45625, 5.73903, 0.194271, 3.12912, 3.13158, -0.114499, 0.0046429, 0.0065127, 0.998328, 0.0572475
3.94496, 3.43397, 5.74254, 0.19417, 3.12888, 3.13181, -0.0984431, 0.004572, 0.00658938, 0.998755, 0.0492311
3.95504, 3.41161, 5.74533, 0.193805, 3.1311, 3.13124, -0.0826134, 0.00495494, 0.00545709, 0.999119, 0.041321
3.96504, 3.38902, 5.74802, 0.193583, 3.13159, 3.13309, -0.067414, 0.00408004, 0.00514086, 0.99941, 0.0337211
3.97498, 3.36603, 5.75054, 0.193332, 3.12852, 3.13712, -0.0531567, 0.00206167, 0.00659268, 0.999623, 0.0265892
3.98504, 3.34352, 5.75268, 0.193393, 3.12931, 3.13772, -0.0389698, 0.00181838, 0.00617547, 0.999789, 0.0194951
3.99484, 3.32065, 5.75415, 0.193223, 3.12851, 3.13965, -0.0222051, 0.000896678, 0.00655183, 0.999916, 0.0111084
4.00497, 3.29802, 5.75513, 0.193363, 3.13161, 3.13934, -0.00633335, 0.00111035, 0.00499594, 0.999982, 0.00317225
4.01496, 3.27549, 5.75598, 0.193545, 3.13383, 3.13926, 0.00940133, 0.0011829, 0.00387488, 0.999981, -0.00469609
4.0251, 3.25288, 5.75668, 0.193372, 3.132, 3.13856, 0.0252956, 0.00157722, 0.00477629, 0.999907, -0.01264
4.03498, 3.23036, 5.75728, 0.192924, 3.13116, 3.13677, 0.0414107, 0.00251959, 0.00516385, 0.999769, -0.020691
4.04479, 3.20787, 5.75738, 0.192418, 3.13226, 3.13596, 0.0571433, 0.00294707, 0.00458613, 0.999577, -0.0285542
4.05503, 3.18507, 5.7568, 0.192184, 3.13306, 3.1371, 0.0725687, 0.00240173, 0.00418392, 0.999331, -0.0362664
4.06994, 3.15073, 5.75529, 0.192304, 3.13244, 3.13972, 0.0952982, 0.00115285, 0.00452667, 0.998854, -0.0476263
4.07503, 3.13969, 5.75471, 0.192642, 3.13522, 3.13754, 0.102083, 0.00218377, 0.00307876, 0.998691, -0.0510123
4.08993, 3.10561, 5.75204, 0.192363, 3.13854, 3.13506, 0.128045, 0.00335807, 0.00131239, 0.997945, -0.0639734
4.10006, 3.08345, 5.75023, 0.192125, 3.13958, 3.1305, 0.142805, 0.00560385, 0.00060963, 0.997436, -0.0713353
4.11012, 3.06117, 5.74785, 0.191204, 3.12427, 3.13038, 0.159497, 0.00627707, 0.00818854, 0.996773, -0.0796113
4.11988, 3.03843, 5.74475, 0.190174, 3.09947, 3.13457, 0.175687, 0.00534216, 0.0206698, 0.995924, -0.0876372
4.12994, 3.0161, 5.74144, 0.189939, 3.10616, 3.1365, 0.191954, 0.00423249, 0.0173879, 0.995243, -0.0957693
4.14004, 2.99355, 5.73772, 0.189981, 3.11419, 3.13725, 0.207674, 0.00358085, 0.0134039, 0.994521, -0.103611
4.1501, 2.97099, 5.73401, 0.190089, 3.118, 3.1379, 0.223185, 0.00314675, 0.0115161, 0.993712, -0.111332
4.16002, 2.94852, 5.72989, 0.190196, 3.11888, 3.13839, 0.238698, 0.00294413, 0.0110849, 0.992823, -0.11904
4.17009, 2.92614, 5.72537, 0.190217, 3.12021, 3.13868, 0.253659, 0.00279696, 0.0104188, 0.991912, -0.126467
4.18001, 2.90383, 5.72031, 0.190112, 3.1223, 3.13872, 0.268555, 0.00271588, 0.00936674, 0.990953, -0.133854
4.19003, 2.88145, 5.71468, 0.189278, 3.12434, 3.13607, 0.282157, 0.00394547, 0.00815015, 0.990028, -0.140582
4.20005, 2.85948, 5.70931, 0.189092, 3.12342, 3.1357, 0.297771, 0.00426286, 0.00854794, 0.988896, -0.148303
4.21016, 2.83752, 5.70348, 0.18891, 3.12225, 3.136, 0.312826, 0.00427064, 0.00911607, 0.987747, -0.155741
4.22, 2.81585, 5.69732, 0.189639, 3.12405, 3.13894, 0.328979, 0.00274279, 0.00843352, 0.986465, -0.163731
4.23003, 2.79387, 5.69005, 0.189092, 3.12548, 3.13639, 0.342464, 0.00393619, 0.00749258, 0.985344, -0.17037
4.23993, 2.77235, 5.68303, 0.189046, 3.12545, 3.13534, 0.358018, 0.00451518, 0.00738753, 0.983988, -0.178023
4.25003, 2.75097, 5.67584, 0.188867, 3.1246, 3.13422, 0.373431, 0.00519921, 0.00766543, 0.982583, -0.185594
4.26507, 2.71887, 5.6645, 0.188719, 3.12246, 3.13569, 0.3959, 0.00477597, 0.00879874, 0.980428, -0.196622
4.27493, 2.6976, 5.65613, 0.188671, 3.12381, 3.13572, 0.41078, 0.0046873, 0.00810738, 0.978944, -0.203915
4.28508, 2.67642, 5.6476, 0.188692, 3.12381, 3.1356, 0.425836, 0.00480774, 0.00805711, 0.977381, -0.211277
4.29486, 2.65533, 5.63892, 0.188587, 3.12165, 3.13675, 0.440227, 0.00454228, 0.00920382, 0.975827, -0.218305
4.30504, 2.63429, 5.62981, 0.18852, 3.12211, 3.13759, 0.455244, 0.00414601, 0.00904076, 0.974162, -0.225631
4.31495, 2.61351, 5.62032, 0.188237, 3.12204, 3.13852, 0.47011, 0.00377328, 0.00914995, 0.972457, -0.23287
4.32503, 2.5928, 5.61085, 0.188098, 3.12117, 3.13885, 0.485737, 0.0037892, 0.00958191, 0.970604, -0.240462
4.33506, 2.57249, 5.60084, 0.187865, 3.12028, 3.13714, 0.501082, 0.00479981, 0.00976936, 0.968727, -0.24789
4.34494, 2.5523, 5.59038, 0.187742, 3.12197, 3.13562, 0.516288, 0.00539239, 0.00872475, 0.966822, -0.255245
4.35507, 2.53195, 5.57972, 0.187782, 3.12199, 3.13786, 0.531192, 0.00437308, 0.00896552, 0.964893, -0.262454
4.36505, 2.51167, 5.56871, 0.187807, 3.12027, 3.14127, 0.545252, 0.00302496, 0.0102237, 0.963013, -0.269244
4.37503, 2.49184, 5.5574, 0.187898, 3.1205, 3.14156, 0.560185, 0.00292956, 0.0101292, 0.960976, -0.276429
4.38501, 2.47229, 5.54575, 0.187787, 3.1225, 3.13967, 0.575624, 0.0036329, 0.00887968, 0.958826, -0.283833
4.39486, 2.45286, 5.53387, 0.187584, 3.12288, 3.13935, 0.590458, 0.00379569, 0.00862332, 0.956696, -0.290936
4.405, 2.43319, 5.52199, 0.187584, 3.12269, -3.14091, 0.605442, 0.00249171, 0.0091235, 0.954485, -0.298108
4.42002, 2.40422, 5.5031, 0.187442, 3.12401, -3.13828, 0.627159, 0.0011361, 0.00887547, 0.951193, -0.308467
4.43012, 2.38523, 5.49009, 0.187482, 3.12397, -3.13709, 0.641965, 0.000642548, 0.00906956, 0.94888, -0.315505
4.43997, 2.37611, 5.47986, 0.193504, 3.11837, -3.13048, 0.655051, -0.00152381, 0.012783, 0.946742, -0.321736
4.45003, 2.35749, 5.46678, 0.193222, 3.11591, -3.12945, 0.6704, -0.00150918, 0.0141223, 0.944224, -0.328998
4.46001, 2.33907, 5.45311, 0.192956, 3.11674, -3.12942, 0.684854, -0.00156191, 0.0137495, 0.941827, -0.335813
4.46995, 2.32092, 5.43931, 0.192806, 3.11875, -3.13034, 0.700701, -0.00136269, 0.0126561, 0.939154, -0.34326
4.48001, 2.30305, 5.42483, 0.192707, 3.11861, -3.12938, 0.714491, -0.00170336, 0.0129015, 0.93676, -0.349731
4.48989, 2.2852, 5.41044, 0.192704, 3.11784, -3.12935, 0.73053, -0.00147786, 0.0132778, 0.93392, -0.357233
4.50002, 2.26778, 5.39597, 0.192468, 3.11544, -3.12928, 0.746397, -0.000965358, 0.0144215, 0.931039, -0.364632
4.51009, 2.25057, 5.38111, 0.192697, 3.11579, -3.1291, 0.761971, -0.0010016, 0.0142977, 0.928173, -0.371872
4.51998, 2.23372, 5.36589, 0.192407, 3.11411, -3.12985, 0.777482, -0.000226104, 0.0149413, 0.925253, -0.379056
4.53013, 2.21707, 5.35047, 0.192339, 3.11536, -3.13218, 0.793901, 0.000728387, 0.0139146, 0.922131, -0.386627
4.53985, 2.20046, 5.33488, 0.192028, 3.11428, -3.13259, 0.809714, 0.00124359, 0.0143259, 0.91904, -0.393903
4.55012, 2.18391, 5.31934, 0.191941, 3.11181, -3.12977, 0.82532, 0.000558917, 0.0160103, 0.915905, -0.401076
4.56001, 2.16784, 5.30295, 0.191918, 3.11259, -3.12984, 0.840655, 0.000553061, 0.0156336, 0.912809, -0.408087
4.5701, 2.15217, 5.28635, 0.192105, 3.11331, -3.13045, 0.85666, 0.00080789, 0.0151755, 0.909523, -0.415376
4.57999, 2.13659, 5.26982, 0.192045, 3.11285, -3.13141, 0.872899, 0.0014587, 0.0151746, 0.906122, -0.422742
4.59492, 2.11356, 5.24445, 0.19169, 3.11006, -3.13027, 0.896204, 0.00173174, 0.0166625, 0.901106, -0.433275
4.60506, 2.09867, 5.22694, 0.191379, 3.11304, -3.13199, 0.911184, 0.00196891, 0.0149323, 0.897869, -0.440006
4.61503, 2.08393, 5.20923, 0.191271, 3.11519, -3.13234, 0.926591, 0.00176367, 0.0138768, 0.89447, -0.44691
4.62501, 2.0694, 5.19156, 0.19113, 3.11453, -3.1315, 0.941997, 0.00164459, 0.0143448, 0.890992, -0.45379
4.63506, 2.05535, 5.17364, 0.191013, 3.11255, -3.13052, 0.957123, 0.00177271, 0.0154379, 0.887514, -0.460519
4.64485, 2.04152, 5.15535, 0.191053, 3.11381, -3.13103, 0.972157, 0.00181778, 0.0147489, 0.88404, -0.467176
4.65493, 2.02806, 5.13676, 0.19127, 3.11626, -3.13114, 0.987143, 0.00139748, 0.0136313, 0.880532, -0.473788
4.66507, 2.01485, 5.11799, 0.191295, 3.11558, -3.12974, 1.00161, 0.00104811, 0.0142532, 0.877069, -0.480151
4.67486, 2.00184, 5.09914, 0.191316, 3.11658, -3.13065, 1.01638, 0.00130855, 0.0135875, 0.873512, -0.486611
4.68509, 1.98891, 5.08021, 0.191171, 3.11651, -3.12814, 1.03129, 0.000333606, 0.0142248, 0.869844, -0.493121
4.69481, 1.97623, 5.06092, 0.191299, 3.11743, -3.12455, 1.04546, -0.00135158, 0.0147207, 0.866313, -0.499283
4.705, 1.96393, 5.04135, 0.191469, 3.11945, -3.12266, 1.05992, 0.00257053, -0.0143391, -0.862683, 0.505536
4.71503, 1.94891, 5.02213, 0.190936, 3.11562, -3.11726, 1.07016, 0.00384342, -0.0173711, -0.860012, 0.509964
4.72501, 1.9375, 5.00229, 0.191106, 3.11903, -3.12158, 1.08585, 0.00273841, -0.0148303, -0.856045, 0.516681
4.73515, 1.92519, 4.98258, 0.19084, 3.13292, -3.13971, 1.10248, -0.00146811, -0.00418675, -0.851864, 0.523744
4.74484, 1.91403, 4.9624, 0.190603, 3.13347, -3.13909, 1.11728, -0.00108959, -0.00410825, -0.847968, 0.530031
4.76009, 1.89913, 4.93282, 0.191063, 3.13604, 3.14084, 1.13452, -0.00180918, -0.00214129, -0.843373, 0.537322
4.77001, 1.88875, 4.91245, 0.190736, 3.13505, 3.14032, 1.15006, -0.00231392, -0.00239979, -0.839173, 0.543854
4.77501, 1.88386, 4.90219, 0.190759, 3.13505, 3.14023, 1.15715, -0.00236226, -0.00236706, -0.837239, 0.546827
4.79001, 1.86927, 4.87104, 0.190735, 3.13508, -3.14076, 1.17855, -0.00146675, -0.00293871, -0.831337, 0.555758
4.80016, 1.8598, 4.85001, 0.190681, 3.13558, -3.13976, 1.19295, -0.000931009, -0.00299933, -0.827315, 0.56173
4.81018, 1.85123, 4.82883, 0.190874, 3.13734, 3.14031, 1.20746, -0.00173483, -0.001387, -0.823222, 0.567716
4.81996, 1.84274, 4.8077, 0.190798, 3.1371, 3.13846, 1.22291, -0.00257116, -0.000942042, -0.818814, 0.574052
4.83007, 1.83419, 4.78668, 0.190721, 3.13492, 3.14157, 1.23776, -0.00194385, -0.00271349, -0.814525, 0.580118
4.83996, 1.82615, 4.76543, 0.19076, 3.13407, -3.13977, 1.25125, -0.00146323, -0.00358482, -0.810588, 0.585604
4.85018, 1.81498, 4.7425, 0.188042, 3.12457, -3.13192, 1.27637, -0.00118702, -0.00971519, -0.803115, 0.595744
4.86003, 1.80733, 4.72008, 0.187918, 3.12546, -3.13119, 1.2899, -0.000693861, -0.00957431, -0.799067, 0.601165
4.87007, 1.8, 4.69814, 0.187836, 3.1257, -3.1298, 1.30432, -0.000138233, -0.00989335, -0.794707, 0.606913
4.88006, 1.79312, 4.67638, 0.187796, 3.12513, -3.12923, 1.31904, -0.000160723, -0.0102921, -0.790215, 0.612744
4.8899, 1.78667, 4.65447, 0.187554, 3.12427, -3.13012, 1.33377, -0.000851061, -0.0103531, -0.785678, 0.618549
4.90009, 1.7807, 4.63245, 0.187299, 3.12346, -3.131, 1.34836, -0.0015219, -0.0103912, -0.781147, 0.624259
4.91009, 1.77494, 4.61042, 0.187203, 3.12329, -3.1322, 1.363, -0.00211678, -0.0100633, -0.77656, 0.629959
4.91997, 1.76927, 4.58818, 0.187032, 3.12348, -3.13169, 1.37736, -0.00193485, -0.0101377, -0.772017, 0.635518
4.93005, 1.76387, 4.56574, 0.186886, 3.12448, -3.12866, 1.39116, -0.000518828, -0.0107118, -0.767603, 0.640836
4.94484, 1.75916, 4.53146, 0.188386, 3.13478, -3.13942, 1.40352, -0.00137069, -0.00330065, -0.7637, 0.645561
4.95501, 1.75498, 4.50891, 0.18823, 3.13447, -3.1408, 1.41806, -0.00202101, -0.00296128, -0.758988, 0.651095
4.96503, 1.74748, 4.48642, 0.186389, 3.12568, -3.12593, 1.44446, 0.000616472, -0.0111438, -0.750246, 0.661065
4.97512, 1.74353, 4.46372, 0.186315, 3.12636, -3.12411, 1.45906, 0.00143911, -0.0115034, -0.745395, 0.666523
4.98508, 1.74021, 4.44072, 0.186506, 3.12974, -3.1261, 1.47342, 0.0017562, -0.00959124, -0.740616, 0.671858
4.99483, 1.7372, 4.41762, 0.186708, 3.13176, -3.12448, 1.48759, 0.00296712, -0.00941259, -0.735839, 0.677085
5.00504, 1.73442, 4.39471, 0.186762, 3.13232, -3.1247, 1.5027, 0.0030088, -0.00915452, -0.730707, 0.682623
5.01487, 1.7318, 4.37147, 0.186651, 3.13139, -3.13032, 1.51915, 0.000574996, -0.00758189, -0.725087, 0.688616
5.02499, 1.72971, 4.3486, 0.186416, 3.13056, -3.13031, 1.53414, 0.000231544, -0.00788694, -0.719905, 0.694028
5.0351, 1.72789, 4.32567, 0.186262, 3.1309, -3.13039, 1.54903, 0.000264753, -0.00773661, -0.714717, 0.699371
5.04481, 1.72652, 4.30271, 0.186177, 3.1309, -3.13013, 1.5639, 0.000297436, -0.00783182, -0.709496, 0.704666
5.05505, 1.72553, 4.27984, 0.186129, 3.13005, -3.12944, 1.5786, 0.000185469, -0.00837814, -0.704292, 0.709861
5.06509, 1.72502, 4.2573, 0.186118, 3.13031, -3.12379, 1.59228, 0.00219315, -0.0103068, -0.699396, 0.714656
5.07506, 1.72431, 4.23377, 0.186053, 3.13074, -3.12883, 1.60864, 0.000516185, -0.00836011, -0.693554, 0.720356
5.0849, 1.72424, 4.21133, 0.185993, 3.13079, -3.12093, 1.62192, 0.00320052, -0.0112078, -0.688716, 0.724938
5.09487, 1.72452, 4.18849, 0.185855, 3.12952, -3.12276, 1.63726, 0.00202479, -0.0110002, -0.683137, 0.730205
5.10497, 1.72514, 4.16501, 0.185508, 3.12803, -3.13057, 1.65352, -0.0012558, -0.00864695, -0.677211, 0.735737
5.11997, 1.72633, 4.13081, 0.185334, 3.13075, -3.12021, 1.67431, 0.00313138, -0.0115715, -0.669486, 0.742728
5.13007, 1.72765, 4.10768, 0.185388, 3.13184, -3.11917, 1.68931, 0.00379571, -0.0116197, -0.663898, 0.747723
5.14011, 1.72976, 4.08489, 0.185575, 3.13079, -3.12046, 1.70367, 0.00289745, -0.0115085, -0.658513, 0.752476
5.15018, 1.73208, 4.06204, 0.185669, 3.12994, -3.11988, 1.7182, 0.00267934, -0.0120247, -0.653023, 0.757238
5.16006, 1.73413, 4.03843, 0.185459, 3.12802, -3.11979, 1.73261, 0.00189032, -0.012698, -0.647535, 0.761927
5.17015, 1.73683, 4.01554, 0.185335, 3.12812, -3.12029, 1.74751, 0.00167179, -0.0124923, -0.641845, 0.766731
5.18007, 1.74011, 3.99277, 0.185265, 3.12776, -3.12118, 1.76148, 0.00116436, -0.0122724, -0.636478, 0.771197
5.19008, 1.7438, 3.97003, 0.185314, 3.12744, -3.12207, 1.77598, 0.000670819, -0.0120388, -0.630874, 0.775792
5.2001, 1.74771, 3.94741, 0.185484, 3.12705, -3.12338, 1.79028, 2.3011e-05, -0.0116536, -0.625316, 0.780285
5.21001, 1.75172, 3.92481, 0.18549, 3.12624, -3.12018, 1.8043, 0.000616233, -0.013158, -0.619806, 0.784645
5.22002, 1.75596, 3.90219, 0.185434, 3.12649, -3.1167, 1.8182, 0.00169152, -0.0144588, -0.614315, 0.788926
5.2301, 1.76084, 3.87954, 0.185531, 3.12716, -3.11656, 1.83205, 0.00189732, -0.0143226, -0.608842, 0.79316
5.24, 1.76627, 3.85697, 0.185536, 3.127, -3.12044, 1.8464, 0.000563502, -0.0128359, -0.603161, 0.797516
5.25005, 1.77161, 3.83449, 0.185262, 3.12735, -3.11756, 1.86008, 0.00147437, -0.0138868, -0.597675, 0.801617
5.25987, 1.77702, 3.81209, 0.1851, 3.12853, -3.1128, 1.87432, 0.00326219, -0.015469, -0.59193, 0.805834
5.27013, 1.78306, 3.78975, 0.185141, 3.12974, -3.10994, 1.88808, 0.00448297, -0.0162903, -0.586363, 0.809872
5.28005, 1.78977, 3.76749, 0.185373, 3.13052, -3.10998, 1.9018, 0.00467616, -0.0160819, -0.580797, 0.813876
5.29011, 1.79669, 3.74534, 0.185674, 3.1326, -3.10811, 1.9152, 0.00595963, -0.0162776, -0.575336, 0.817733
5.30496, 1.8074, 3.7121, 0.185739, 3.13482, -3.10905, 1.93536, 0.00643768, -0.0153194, -0.567087, 0.82349
5.31511, 1.81511, 3.69098, 0.185919, 3.13845, -3.10823, 1.94977, 0.00806321, -0.0146862, -0.561161, 0.827537
5.32501, 1.82288, 3.66903, 0.185824, 3.13901, -3.11163, 1.96379, 0.00724882, -0.013173, -0.55537, 0.831467
5.33506, 1.83095, 3.64752, 0.185767, 3.13734, -3.11517, 1.97801, 0.00548472, -0.0122046, -0.549449, 0.83542
5.34488, 1.83932, 3.62616, 0.185731, 3.13611, -3.11627, 1.99264, 0.0045779, -0.0121183, -0.543322, 0.839424
5.35501, 1.84788, 3.60463, 0.18576, 3.13656, -3.11615, 2.00731, 0.00471138, -0.0120832, -0.537151, 0.843387
5.36505, 1.8569, 3.58312, 0.185973, 3.13864, -3.11659, 2.02145, 0.00539168, -0.0113734, -0.531187, 0.847161
5.3751, 1.86623, 3.56188, 0.186106, 3.13943, -3.11736, 2.03657, 0.00543695, -0.0108813, -0.524779, 0.851152
5.38486, 1.87591, 3.54017, 0.185993, 3.1371, -3.11979, 2.05056, 0.00373779, -0.0104854, -0.518804, 0.85482
5.39478, 1.88571, 3.5193, 0.185783, 3.13612, -3.1206, 2.066, 0.00302715, -0.010414, -0.51219, 0.858803
5.40493, 1.89566, 3.49835, 0.185543, 3.13938, -3.11673, 2.08108, 0.00533237, -0.0112822, -0.505703, 0.862617
5.4148, 1.9061, 3.47794, 0.185456, 0.00250147, -0.0277115, -1.04571, 0.00800225, -0.0113797, -0.499323, 0.866304
5.425, 1.91711, 3.45686, 0.185473, 0.00164716, -0.023675, -1.03003, 0.00654708, -0.00989612, -0.492521, 0.87022
5.435, 1.9284, 3.43645, 0.185417, 0.00223286, -0.022664, -1.0151, 0.00648327, -0.00936065, -0.486016, 0.873876
5.44482, 1.93981, 3.41669, 0.185347, 0.00556718, -0.0255768, -0.999609, 0.00857159, -0.0098898, -0.479244, 0.877584
5.45516, 1.95122, 3.39605, 0.185042, 0.00469042, -0.0254486, -0.983906, 0.00807706, -0.0101074, -0.472335, 0.881324
5.46507, 1.96314, 3.37629, 0.184795, 0.0046331, -0.0254733, -0.967854, 0.00797605, -0.0101961, -0.465246, 0.885087
5.47497, 1.97565, 3.35738, 0.184727, 0.00529896, -0.0255726, -0.952526, 0.00821628, -0.0101484, -0.458452, 0.888623
5.48495, 1.98843, 3.338, 0.18473, 0.00595464, -0.0246802, -0.93686, 0.00822761, -0.00966637, -0.451482, 0.89219
5.49484, 2.00124, 3.31799, 0.18465, 0.00620567, -0.0235502, -0.920789, 0.0080111, -0.00917024, -0.444301, 0.895795
5.51, 2.02101, 3.28988, 0.184778, 0.01137, -0.0278449, -0.896516, 0.0111565, -0.0100827, -0.433419, 0.901067
5.52012, 2.03494, 3.27154, 0.184782, 0.00866109, -0.0257677, -0.879863, 0.0094046, -0.00981252, -0.425889, 0.904673
5.53008, 2.04891, 3.25325, 0.18462, 0.00593699, -0.0230297, -0.862909, 0.00751157, -0.00921802, -0.418194, 0.90828
5.54007, 2.06285, 3.23425, 0.184213, 0.00580337, -0.0238357, -0.846472, 0.00754016, -0.00967432, -0.410714, 0.911682
5.55011, 2.07696, 3.21638, 0.183955, 0.0110685, -0.0280859, -0.829849, 0.0107249, -0.01062, -0.403146, 0.915011
5.56004, 2.09206, 3.19859, 0.183857, 0.012667, -0.0277925, -0.814151, 0.0113169, -0.0102527, -0.39596, 0.918141
5.57007, 2.10755, 3.18117, 0.183952, 0.0102158, -0.0230092, -0.797424, 0.00917319, -0.00861892, -0.388255, 0.921466
5.58008, 2.123, 3.16332, 0.183873, 0.00984227, -0.0229837, -0.781723, 0.00892774, -0.00875003, -0.381007, 0.924487
5.59, 2.13839, 3.14591, 0.183521, 0.0120041, -0.0274396, -0.767156, 0.0106996, -0.0104762, -0.374275, 0.927197
5.60012, 2.15417, 3.12916, 0.183252, 0.010799, -0.0279595, -0.750898, 0.0101489, -0.0110256, -0.366719, 0.930211
5.60988, 2.17003, 3.11137, 0.183112, 0.0113869, -0.0274009, -0.730546, 0.010211, -0.0107624, -0.357238, 0.933896
5.62001, 2.18665, 3.09496, 0.182918, 0.0128416, -0.0271977, -0.715194, 0.0107737, -0.0104907, -0.350066, 0.936604
5.63008, 2.20334, 3.0788, 0.182745, 0.0139642, -0.0266877, -0.699923, 0.0111331, -0.0101407, -0.34291, 0.939248
5.64007, 2.22008, 3.06291, 0.18253, 0.0129942, -0.0267348, -0.683947, 0.0106028, -0.0104142, -0.335392, 0.941962
5.64993, 2.23724, 3.04747, 0.18248, 0.0136583, -0.0283284, -0.66897, 0.0110996, -0.0111368, -0.328333, 0.944431
5.65986, 2.25475, 3.03239, 0.182498, 0.0122732, -0.0274705, -0.653542, 0.0102199, -0.0110382, -0.32103, 0.946949
5.66998, 2.27264, 3.01749, 0.182489, 0.0140841, -0.0280194, -0.639423, 0.0110874, -0.011086, -0.314348, 0.949178
5.68488, 2.30008, 2.99512, 0.182136, 0.019466, -0.0293726, -0.617839, 0.0137358, -0.0110312, -0.304118, 0.952471
5.68994, 2.30924, 2.9878, 0.182136, 0.0205594, -0.0283171, -0.610788, 0.0140595, -0.0104118, -0.300762, 0.953539
5.70006, 2.32778, 2.97358, 0.182081, 0.0222697, -0.0273478, -0.596764, 0.014661, -0.00979551, -0.294074, 0.95562
5.71498, 2.35526, 2.95232, 0.181792, 0.0230313, -0.0299421, -0.571244, 0.0152654, -0.0111189, -0.281869, 0.959267
5.72492, 2.37423, 2.93907, 0.181829, 0.0223777, -0.0298669, -0.55702, 0.0148614, -0.0112809, -0.275036, 0.961253
5.73501, 2.39345, 2.92601, 0.181817, 0.0226503, -0.0293027, -0.543089, 0.0148382, -0.0110758, -0.268334, 0.963148
5.74488, 2.4128, 2.91304, 0.181804, 0.0238492, -0.0291799, -0.52903, 0.0153223, -0.0109638, -0.261563, 0.965003
5.75511, 2.43222, 2.90045, 0.181684, 0.0234588, -0.0294942, -0.514566, 0.0150939, -0.011276, -0.254576, 0.966869
5.76505, 2.45185, 2.88854, 0.181524, 0.0206084, -0.0299366, -0.500126, 0.0136862, -0.0119518, -0.247574, 0.968699
5.77505, 2.47156, 2.87674, 0.181342, 0.0191973, -0.0308647, -0.485688, 0.0130264, -0.0126704, -0.240568, 0.970462
5.78501, 2.49156, 2.86497, 0.181351, 0.0207209, -0.0316284, -0.471909, 0.0137685, -0.0129529, -0.233888, 0.97208
5.79486, 2.51196, 2.8537, 0.181573, 0.0214899, -0.0310336, -0.458401, 0.0139876, -0.0126686, -0.227321, 0.973637
5.80509, 2.53261, 2.84318, 0.181692, 0.0178964, -0.0290895, -0.445137, 0.0119367, -0.01221, -0.22083, 0.975163
5.81504, 2.55331, 2.83266, 0.181741, 0.016434, -0.0280908, -0.431277, 0.0110309, -0.0119612, -0.214055, 0.976686
5.82499, 2.57376, 2.8219, 0.181578, 0.0181861, -0.0291777, -0.416515, 0.0119116, -0.0123927, -0.206854, 0.978221
5.83506, 2.59423, 2.81147, 0.181324, 0.0255992, -0.0327884, -0.405516, 0.0158363, -0.0134793, -0.201534, 0.979261
5.84497, 2.6153, 2.80166, 0.181362, 0.0246862, -0.0324186, -0.391167, 0.0152556, -0.0135, -0.194495, 0.980692
5.85992, 2.6475, 2.78761, 0.18168, 0.0232293, -0.028899, -0.370371, 0.0140749, -0.0120626, -0.184262, 0.982702
5.86511, 2.65828, 2.78289, 0.181696, 0.02403, -0.02814, -0.36349, 0.0143585, -0.0116654, -0.180881, 0.983331
5.87989, 2.69045, 2.76916, 0.181615, 0.0269121, -0.0281896, -0.341556, 0.0156537, -0.0116015, -0.170104, 0.985233
5.89014, 2.71196, 2.76078, 0.181539, 0.0269098, -0.0293976, -0.327714, 0.0156703, -0.0123055, -0.163288, 0.986377
5.90004, 2.73364, 2.75284, 0.181525, 0.0245381, -0.029365, -0.313019, 0.0144058, -0.0125893, -0.156021, 0.987569
5.90984, 2.75557, 2.74485, 0.181456, 0.024847, -0.0284559, -0.298811, 0.0144011, -0.0122189, -0.148998, 0.988657
5.92005, 2.77768, 2.73689, 0.181447, 0.0276586, -0.0268775, -0.285006, 0.0155958, -0.011337, -0.142179, 0.989653
5.93002, 2.79994, 2.72943, 0.181655, 0.0296401, -0.0256298, -0.271056, 0.0164136, -0.0106935, -0.135276, 0.990614
5.94006, 2.8223, 2.72283, 0.181951, 0.0281214, -0.0243131, -0.257044, 0.0155011, -0.0102529, -0.128316, 0.991559
5.95013, 2.84469, 2.71654, 0.182178, 0.0251635, -0.0232865, -0.242592, 0.0138968, -0.0100343, -0.121126, 0.992489
5.95986, 2.86686, 2.70995, 0.182109, 0.0259009, -0.0237834, -0.227476, 0.014215, -0.0103439, -0.113628, 0.993368
5.97005, 2.88926, 2.70359, 0.18199, 0.0286772, -0.0235876, -0.212966, 0.0155092, -0.0102017, -0.106432, 0.994147
5.97997, 2.91206, 2.69783, 0.182061, 0.0292889, -0.0217737, -0.198812, 0.015651, -0.00937852, -0.0993843, 0.994882
5.99003, 2.93501, 2.69261, 0.182249, 0.0291227, -0.0196656, -0.184391, 0.0154034, -0.00844938, -0.0921935, 0.995586
6.00001, 2.95785, 2.68747, 0.18238, 0.0291908, -0.0186251, -0.169854, 0.0153315, -0.00803989, -0.0849479, 0.996235
6.00997, 2.9805, 2.68263, 0.18231, 0.0301398, -0.0195696, -0.154799, 0.01578, -0.00858909, -0.0774565, 0.996834
6.02008, 3.00318, 2.6783, 0.182229, 0.0295333, -0.0215118, -0.139387, 0.0154783, -0.00970018, -0.069784, 0.997395
6.03507, 3.03738, 2.67228, 0.182085, 0.0292543, -0.0230632, -0.116638, 0.0152728, -0.010658, -0.0584444, 0.998117
6.04502, 3.06033, 2.6688, 0.18206, 0.0294745, -0.023411, -0.10201, 0.0153132, -0.0109375, -0.0511462, 0.998514
6.055, 3.08345, 2.66564, 0.182079, 0.0279958, -0.0223001, -0.0869965, 0.0144681, -0.0105296, -0.0436335, 0.998887
6.06507, 3.10662, 2.66272, 0.182116, 0.0286107, -0.021855, -0.0720422, 0.0146882, -0.0104039, -0.0361637, 0.999184
6.07509, 3.12976, 2.66014, 0.182343, 0.0299469, -0.0215282, -0.0568631, 0.0152719, -0.0103327, -0.028584, 0.999421
6.08505, 3.15279, 2.65807, 0.182452, 0.0292808, -0.0227935, -0.0411806, 0.0148704, -0.0110915, -0.0207521, 0.999613
6.09503, 3.17577, 2.65639, 0.182486, 0.0283253, -0.0243219, -0.0258763, 0.0143173, -0.0119752, -0.0131077, 0.99974
6.1049, 3.19889, 2.65486, 0.182425, 0.0276247, -0.0247999, -0.0102483, 0.0138742, -0.0123275, -0.00529453, 0.999814
6.11503, 3.22232, 2.6534, 0.182429, 0.0307319, -0.023029, 0.00435051, 0.0153392, -0.0115463, 0.00199793, 0.999814
6.12491, 3.24582, 2.65248, 0.18261, 0.0320723, -0.0211303, 0.0193713, 0.0159315, -0.0107184, 0.00951431, 0.99977
6.13505, 3.26907, 2.65219, 0.182756, 0.0306354, -0.0208817, 0.0345684, 0.0151336, -0.0107026, 0.0171205, 0.999682
6.14488, 3.29222, 2.65231, 0.182822, 0.0295889, -0.0216338, 0.0492684, 0.0145222, -0.0111766, 0.0244676, 0.999533
6.15506, 3.31546, 2.65231, 0.182809, 0.0300736, -0.0221466, 0.0648459, 0.0146685, -0.0115534, 0.0322452, 0.999306
6.16504, 3.33844, 2.65223, 0.182984, 0.0330488, -0.021328, 0.0817359, 0.0160733, -0.0113285, 0.0406726, 0.998979
6.17516, 3.36163, 2.65333, 0.183178, 0.0336633, -0.0216067, 0.0959693, 0.0162924, -0.0115964, 0.047775, 0.998658
6.18507, 3.38485, 2.65501, 0.183464, 0.0304765, -0.0220133, 0.110338, 0.0146067, -0.0118286, 0.0549638, 0.998311
6.19488, 3.40819, 2.65677, 0.183699, 0.0296761, -0.0206577, 0.124464, 0.0141657, -0.0112303, 0.0620286, 0.997911
6.20511, 3.43151, 2.65836, 0.183749, 0.0329357, -0.0184761, 0.138684, 0.0157869, -0.0103554, 0.0691224, 0.99743
6.21507, 3.4547, 2.66057, 0.183851, 0.0338581, -0.0180241, 0.153316, 0.0161878, -0.0102806, 0.0764168, 0.996892
6.23001, 3.48916, 2.66535, 0.184025, 0.0287729, -0.0190468, 0.174178, 0.0135025, -0.0107374, 0.0868298, 0.996074
6.24016, 3.51231, 2.66831, 0.184145, 0.0291439, -0.0179019, 0.188721, 0.0136627, -0.0102829, 0.0940769, 0.995418
6.25005, 3.53551, 2.67123, 0.184161, 0.0339191, -0.0154591, 0.202968, 0.016088, -0.00940665, 0.101162, 0.994695
6.25987, 3.55856, 2.67492, 0.18434, 0.0362887, -0.0140604, 0.217173, 0.0172743, -0.00895379, 0.108226, 0.993936
6.27009, 3.58139, 2.67952, 0.184741, 0.0317369, -0.0140955, 0.231779, 0.0149462, -0.00883428, 0.115502, 0.993156
6.28003, 3.60408, 2.68408, 0.185015, 0.0293928, -0.014592, 0.246804, 0.0136858, -0.00904853, 0.122966, 0.992275
6.28987, 3.62677, 2.68859, 0.185077, 0.0336006, -0.0147946, 0.261731, 0.0156903, -0.00952511, 0.130347, 0.991298
6.30008, 3.64935, 2.69365, 0.185162, 0.0331695, -0.0152891, 0.27656, 0.0153716, -0.00985633, 0.137691, 0.990307
6.30992, 3.67187, 2.69946, 0.185404, 0.0301306, -0.0146296, 0.290709, 0.0138461, -0.00941876, 0.144714, 0.989332
6.32008, 3.69442, 2.70536, 0.18556, 0.0286623, -0.0127916, 0.30542, 0.0131908, -0.00850057, 0.152008, 0.988255
6.33007, 3.71681, 2.71116, 0.185513, 0.0318262, -0.0107396, 0.320174, 0.0148529, -0.0078369, 0.159297, 0.987088
6.3401, 3.73882, 2.71731, 0.185427, 0.0314886, -0.0109026, 0.335372, 0.0146129, -0.00800175, 0.166793, 0.985851
6.35008, 3.76072, 2.72394, 0.185368, 0.030538, -0.0106646, 0.350502, 0.0141047, -0.00791207, 0.174252, 0.984568
6.35983, 3.7825, 2.73104, 0.185411, 0.0301023, -0.00883277, 0.364607, 0.0140005, -0.00707127, 0.181208, 0.98332
6.37004, 3.80414, 2.73848, 0.185526, 0.0279532, -0.00675233, 0.379591, 0.0130882, -0.00595191, 0.188592, 0.98195
6.38007, 3.82533, 2.74586, 0.185476, 0.0262951, -0.0056557, 0.394952, 0.0123368, -0.00535205, 0.196141, 0.980483
6.39004, 3.84604, 2.75308, 0.185269, 0.026482, -0.00617893, 0.411416, 0.0123304, -0.00572858, 0.204201, 0.978834
6.40009, 3.86631, 2.76037, 0.185103, 0.0291004, -0.00593656, 0.427056, 0.0135903, -0.00598376, 0.211844, 0.977191
6.41489, 3.8965, 2.77252, 0.185409, 0.0286845, -0.00356997, 0.448739, 0.0135851, -0.00493098, 0.222444, 0.974838
6.42487, 3.9162, 2.78106, 0.185797, 0.0253259, -0.00188839, 0.463247, 0.0121077, -0.00382571, 0.229528, 0.973219
6.43491, 3.93631, 2.78954, 0.186485, 0.0183498, -0.00406417, 0.479046, 0.00843073, -0.0041506, 0.237211, 0.971413
6.44489, 3.95544, 2.79834, 0.186656, 0.019034, -0.00339091, 0.494151, 0.00881322, -0.00397142, 0.244542, 0.96959
6.45504, 3.97665, 2.80838, 0.186655, 0.0298861, 0.000676763, 0.506357, 0.0145509, -0.00341527, 0.250459, 0.968012
6.46507, 3.99529, 2.81756, 0.18656, 0.030597, 0.00105248, 0.521251, 0.0149169, -0.00343364, 0.257662, 0.966114
6.47507, 4.01369, 2.82668, 0.186417, 0.0296084, 0.000968352, 0.536199, 0.014403, -0.00345465, 0.264877, 0.964168
6.48501, 4.0315, 2.83591, 0.186226, 0.0284034, -0.00114381, 0.551207, 0.0135097, -0.00441481, 0.272092, 0.962166
6.49508, 4.0491, 2.84584, 0.186125, 0.026476, -0.00296112, 0.565894, 0.0122979, -0.00511732, 0.279143, 0.960157
6.50507, 4.06643, 2.85619, 0.185834, 0.0206129, -0.00396883, 0.582924, 0.00930141, -0.00486215, 0.287317, 0.957778
6.515, 4.08369, 2.86647, 0.185924, 0.0215226, -0.00249571, 0.597693, 0.00991675, -0.00436073, 0.294388, 0.955625
6.52498, 4.10052, 2.87711, 0.186146, 0.0206132, -0.00256497, 0.612557, 0.00944013, -0.00433025, 0.301483, 0.953415
6.53489, 4.11677, 2.88803, 0.186141, 0.0194711, -0.00506229, 0.627553, 0.0084788, -0.00541229, 0.308614, 0.951134
6.54499, 4.13259, 2.89901, 0.186054, 0.016919, -0.00877231, 0.642854, 0.00664047, -0.00683384, 0.315871, 0.948754
6.55506, 4.1484, 2.90978, 0.185784, 0.018656, -0.00980343, 0.65833, 0.00724253, -0.00765355, 0.323192, 0.946275
6.56503, 4.16408, 2.9208, 0.185615, 0.0213495, -0.00783508, 0.672756, 0.00878323, -0.00722109, 0.330009, 0.943909
6.58004, 4.1871, 2.93824, 0.185794, 0.019661, -0.00623243, 0.694379, 0.00818348, -0.00627495, 0.34021, 0.940293
6.59014, 4.2018, 2.95021, 0.185951, 0.0183626, -0.00597952, 0.708698, 0.00757338, -0.00598956, 0.346938, 0.937838
6.59997, 4.21626, 2.9623, 0.186224, 0.0186655, -0.00509782, 0.723425, 0.00782673, -0.00568645, 0.353838, 0.935257
6.60987, 4.23046, 2.97439, 0.186278, 0.0192105, -0.00419202, 0.738483, 0.0082013, -0.00542121, 0.360872, 0.932564
6.6201, 4.24528, 2.9863, 0.186786, 0.0197865, -0.00104816, 0.756268, 0.00900073, -0.00413944, 0.369164, 0.929311
6.63003, 4.2588, 2.99848, 0.186572, 0.0197716, -0.00220162, 0.771151, 0.00874584, -0.00473785, 0.376064, 0.92654
6.6401, 4.27187, 3.01099, 0.186497, 0.0191546, -0.00395732, 0.786115, 0.008089, -0.00549588, 0.382979, 0.923705
6.65001, 4.28464, 3.02383, 0.186482, 0.017626, -0.00469517, 0.800392, 0.00720194, -0.00559549, 0.389563, 0.920954
6.65989, 4.29731, 3.03669, 0.186585, 0.018397, -0.0032078, 0.81489, 0.00780978, -0.00511751, 0.396234, 0.918102
6.67016, 4.30961, 3.04969, 0.18685, 0.017456, -0.00315333, 0.829607, 0.00735234, -0.00496033, 0.402982, 0.915165
6.68005, 4.32146, 3.06274, 0.186994, 0.0179441, -0.00364707, 0.844349, 0.00743704, -0.00533956, 0.409713, 0.912169
6.69002, 4.3334, 3.07603, 0.18683, 0.0303685, 0.0101724, 0.855045, 0.0159255, -0.00166746, 0.414635, 0.909847
6.70006, 4.34467, 3.08916, 0.186978, 0.0313821, 0.0107638, 0.869649, 0.016497, -0.00172904, 0.42127, 0.906784
6.70989, 4.35541, 3.10244, 0.187219, 0.0312872, 0.00946329, 0.883778, 0.0161634, -0.00241299, 0.427658, 0.903793
6.72011, 4.36587, 3.1157, 0.18735, 0.0318909, 0.00875295, 0.897684, 0.0162641, -0.00297625, 0.433926, 0.900797
6.73018, 4.37628, 3.12896, 0.187444, 0.0324633, 0.00921554, 0.91156, 0.0166018, -0.00300735, 0.440168, 0.897757
6.7401, 4.38623, 3.14225, 0.187351, 0.0338321, 0.00955846, 0.925707, 0.0172689, -0.00327689, 0.446506, 0.894608
6.75501, 4.40083, 3.16245, 0.187366, 0.0341451, 0.00900482, 0.947216, 0.0172457, -0.00378011, 0.456097, 0.889755
6.7599, 4.40552, 3.16928, 0.187379, 0.0341666, 0.00914442, 0.954123, 0.0172741, -0.00378259, 0.459168, 0.888173
6.77513, 4.41932, 3.18983, 0.187927, 0.0322244, 0.00886813, 0.976073, 0.0163093, -0.00363861, 0.46889, 0.883098
6.78503, 4.42902, 3.20566, 0.187843, 0.041304, 0.0136, 0.99773, 0.021386, -0.00390965, 0.47844, 0.877851
6.7949, 4.43765, 3.21921, 0.188015, 0.0419676, 0.0147611, 1.01197, 0.0219289, -0.00371492, 0.484685, 0.874406
6.80501, 4.44603, 3.2327, 0.188057, 0.0418491, 0.0138691, 1.02684, 0.0216302, -0.0042372, 0.491167, 0.870787
6.81522, 4.45397, 3.24637, 0.188015, 0.0411912, 0.0130819, 1.04061, 0.0211196, -0.00456391, 0.497145, 0.867399
6.82489, 4.46164, 3.26016, 0.188021, 0.0405224, 0.0118958, 1.05434, 0.0205006, -0.00505301, 0.50308, 0.863982
6.83502, 4.46903, 3.27392, 0.1881, 0.0393132, 0.0108171, 1.06788, 0.0196712, -0.00534829, 0.508917, 0.860574
6.84503, 4.47632, 3.28769, 0.18822, 0.039611, 0.0122116, 1.08144, 0.0201209, -0.00496039, 0.514746, 0.857092
6.85511, 4.4834, 3.30139, 0.188315, 0.040127, 0.0132523, 1.09488, 0.0205781, -0.0047856, 0.520502, 0.853599
6.86504, 4.49015, 3.31507, 0.18846, 0.039568, 0.0128806, 1.10838, 0.0202099, -0.00493532, 0.526251, 0.850075
6.875, 4.49651, 3.32877, 0.188575, 0.0379534, 0.0105765, 1.12158, 0.018881, -0.00561462, 0.531835, 0.846619
6.885, 4.5026, 3.34258, 0.188642, 0.037228, 0.010477, 1.13382, 0.0185137, -0.00557731, 0.537009, 0.843355
6.89499, 4.50871, 3.3563, 0.188727, 0.0368415, 0.0120057, 1.14626, 0.0187307, -0.00494545, 0.542257, 0.839989
6.90491, 4.51471, 3.36988, 0.188851, 0.037434, 0.0148225, 1.15904, 0.0197175, -0.00404894, 0.547628, 0.836479
6.91489, 4.52046, 3.38339, 0.188979, 0.0382148, 0.0160956, 1.1724, 0.0203671, -0.00386634, 0.55321, 0.832784
6.92496, 4.52571, 3.39698, 0.189171, 0.0387232, 0.0162073, 1.18581, 0.0205827, -0.00409851, 0.558779, 0.829051
6.93498, 4.53081, 3.4106, 0.189439, 0.0382887, 0.016392, 1.19908, 0.0204278, -0.00403619, 0.564271, 0.825327
6.95001, 4.53798, 3.43111, 0.189877, 0.035162, 0.0163303, 1.2186, 0.0190881, -0.00336595, 0.572305, 0.819812
6.95989, 4.54249, 3.44469, 0.190116, 0.0328688, 0.0166761, 1.23108, 0.0182307, -0.00268171, 0.577412, 0.816245
6.96507, 4.54472, 3.45142, 0.190206, 0.0327055, 0.0174441, 1.23742, 0.0183782, -0.00237939, 0.580001, 0.814405
6.98009, 4.55012, 3.47193, 0.190794, 0.0308428, 0.0150425, 1.25227, 0.0169021, -0.00294298, 0.586027, 0.81011
6.99011, 4.55417, 3.48494, 0.190856, 0.0314731, 0.015767, 1.26524, 0.0173509, -0.00294671, 0.59127, 0.806282
6.99986, 4.55802, 3.49801, 0.190958, 0.0313497, 0.0171864, 1.27812, 0.0177052, -0.00245197, 0.596454, 0.802448
7.00987, 4.56153, 3.51116, 0.191158, 0.0301984, 0.0178546, 1.29094, 0.0174303, -0.00195225, 0.601591, 0.798612
7.02012, 4.56475, 3.52442, 0.191535, 0.0283121, 0.0176244, 1.3037, 0.0165981, -0.00158266, 0.606672, 0.794777
7.03003, 4.56783, 3.53752, 0.191934, 0.0269838, 0.016831, 1.31677, 0.0158196, -0.00159847, 0.611851, 0.790813
7.04012, 4.57082, 3.55047, 0.192162, 0.0265539, 0.0176423, 1.33004, 0.0158898, -0.00125164, 0.617089, 0.786732
7.05013, 4.57355, 3.56332, 0.19226, 0.0261874, 0.0169805, 1.34338, 0.0155318, -0.00150258, 0.622321, 0.782606
7.05989, 4.57611, 3.57609, 0.192261, 0.0258214, 0.0173446, 1.35593, 0.0154937, -0.00134344, 0.627222, 0.778685
7.07012, 4.57856, 3.58871, 0.192181, 0.0253506, 0.0182359, 1.36849, 0.0155842, -0.000946536, 0.6321, 0.77473
7.08, 4.58085, 3.60108, 0.192108, 0.0259151, 0.0181985, 1.38046, 0.0157839, -0.00123398, 0.636726, 0.770927
7.09008, 4.58276, 3.61321, 0.19213, 0.0267248, 0.0177733, 1.39184, 0.015951, -0.00174647, 0.641101, 0.767289
7.10487, 4.5854, 3.6314, 0.192378, 0.0270947, 0.0176392, 1.40903, 0.0160329, -0.00205436, 0.647671, 0.761749
7.10996, 4.58621, 3.63744, 0.192453, 0.0269187, 0.0177048, 1.41476, 0.0159814, -0.00201821, 0.649852, 0.75989
7.12515, 4.58824, 3.65546, 0.192649, 0.0270695, 0.017963, 1.43244, 0.0161045, -0.00211151, 0.656544, 0.754113
7.13013, 4.58885, 3.66149, 0.192646, 0.0269362, 0.0175337, 1.43856, 0.0159065, -0.00227832, 0.658848, 0.752105
7.14509, 4.59042, 3.67934, 0.192546, 0.0274248, 0.0164691, 1.45683, 0.015713, -0.00298334, 0.665687, 0.74606
7.15503, 4.59124, 3.69117, 0.192428, 0.0276846, 0.0175572, 1.46864, 0.016156, -0.00275928, 0.670082, 0.742106
7.16512, 4.5919, 3.70302, 0.1925, 0.0268865, 0.0166093, 1.48037, 0.0155254, -0.00293478, 0.674422, 0.738177
7.17506, 4.59241, 3.71481, 0.192674, 0.0258739, 0.0171666, 1.49184, 0.0153256, -0.00247556, 0.678648, 0.7343
7.18503, 4.5929, 3.72644, 0.192961, 0.0247312, 0.0175066, 1.50307, 0.0150101, -0.00204728, 0.682763, 0.730483
7.19504, 4.59319, 3.73781, 0.193226, 0.0243213, 0.0179793, 1.5137, 0.0150123, -0.00181443, 0.686635, 0.726845
7.20513, 4.59334, 3.74894, 0.193349, 0.0243842, 0.0180071, 1.52437, 0.0150348, -0.00190617, 0.690503, 0.723171
7.21521, 4.59346, 3.75988, 0.193294, 0.0250906, 0.0179856, 1.53473, 0.0152714, -0.00223695, 0.694239, 0.719579
7.22511, 4.59343, 3.77069, 0.193092, 0.0252857, 0.0174372, 1.54496, 0.0151383, -0.00257953, 0.69791, 0.716021
7.23505, 4.59317, 3.78144, 0.192894, 0.025502, 0.016921, 1.55532, 0.0150207, -0.00291767, 0.701607, 0.712399
7.24503, 4.59277, 3.79219, 0.192845, 0.0253027, 0.0168744, 1.56567, 0.0149183, -0.00294163, 0.705287, 0.708759
7.2551, 4.59221, 3.80288, 0.192964, 0.0249851, 0.0171187, 1.57607, 0.0148775, -0.00282043, 0.708963, 0.705083
7.2651, 4.59152, 3.81352, 0.193227, 0.0244453, 0.0166093, 1.58665, 0.0144916, -0.00288539, 0.712682, 0.701332
7.27501, 4.59072, 3.82409, 0.193465, 0.0237105, 0.0158352, 1.59751, 0.0139421, -0.00297082, 0.716482, 0.69746
7.28485, 4.58992, 3.83461, 0.193631, 0.0230523, 0.0162812, 1.60817, 0.0138584, -0.00265334, 0.720189, 0.693634
7.29997, 4.58872, 3.85021, 0.193833, 0.0221875, 0.018077, 1.62408, 0.0141909, -0.00183195, 0.725686, 0.687877
7.30999, 4.58772, 3.86046, 0.193912, 0.0217739, 0.0182216, 1.63431, 0.0140926, -0.00170428, 0.729197, 0.684157
7.3199, 4.58663, 3.87048, 0.193985, 0.0211274, 0.0170261, 1.64447, 0.0134259, -0.00194583, 0.732663, 0.680457
7.32996, 4.58547, 3.88031, 0.193912, 0.0213865, 0.0189093, 1.65411, 0.0141969, -0.00146832, 0.735933, 0.676904
7.34011, 4.58429, 3.88989, 0.193987, 0.0213328, 0.0187774, 1.66342, 0.0141231, -0.001559, 0.739078, 0.67347
7.35002, 4.58292, 3.89935, 0.194124, 0.0213953, 0.0183343, 1.67237, 0.0139726, -0.00179386, 0.742083, 0.67016
7.35992, 4.58144, 3.90865, 0.194288, 0.0207989, 0.0169882, 1.68139, 0.0132641, -0.00208358, 0.745099, 0.666819
7.37002, 4.57998, 3.91785, 0.194391, 0.0204292, 0.0183721, 1.69059, 0.0136494, -0.00154714, 0.748159, 0.663378
7.37989, 4.57844, 3.92685, 0.194545, 0.0202573, 0.0173687, 1.70008, 0.0132083, -0.00187837, 0.751297, 0.659829
7.39019, 4.57676, 3.93577, 0.194572, 0.0211601, 0.0178243, 1.70931, 0.0136675, -0.00213029, 0.754334, 0.656345
7.39998, 4.57507, 3.94457, 0.19456, 0.0217122, 0.0172906, 1.71888, 0.0136353, -0.002579, 0.757466, 0.652727
7.40981, 4.57325, 3.95334, 0.194596, 0.0214536, 0.0185756, 1.72789, 0.0140281, -0.00212481, 0.760398, 0.649302
7.42, 4.57137, 3.96211, 0.194717, 0.0210507, 0.018007, 1.73707, 0.0136711, -0.00221903, 0.763371, 0.645812
7.43008, 4.56952, 3.97073, 0.194745, 0.0205871, 0.0181869, 1.7461, 0.0135809, -0.00204534, 0.766281, 0.642359
7.44006, 4.56755, 3.97925, 0.194939, 0.0205971, 0.0186724, 1.75477, 0.0137618, -0.00195281, 0.769056, 0.63903
7.45011, 4.56546, 3.98758, 0.195022, 0.0207907, 0.0179407, 1.76309, 0.0135328, -0.00231744, 0.771708, 0.635828
7.45998, 4.56329, 3.99583, 0.195088, 0.020624, 0.0172793, 1.77126, 0.0132145, -0.00251746, 0.7743, 0.632676
7.47494, 4.56011, 4.00793, 0.195168, 0.0205467, 0.0158581, 1.78344, 0.0126218, -0.00301414, 0.778139, 0.627958
7.48007, 4.559, 4.01186, 0.195187, 0.0203789, 0.0163597, 1.78725, 0.0127588, -0.00281562, 0.779334, 0.626472
7.49484, 4.55575, 4.02344, 0.195251, 0.0211178, 0.015497, 1.79879, 0.0126345, -0.00344683, 0.782936, 0.621965
7.50504, 4.55357, 4.03102, 0.195343, 0.0211417, 0.0144655, 1.80622, 0.0122241, -0.00382245, 0.785239, 0.61906
7.5151, 4.55135, 4.03846, 0.195295, 0.0212376, 0.0143641, 1.81388, 0.012199, -0.0039382, 0.787604, 0.616049
7.52507, 4.54912, 4.04576, 0.195305, 0.0216617, 0.0138859, 1.82133, 0.0121254, -0.00429775, 0.789893, 0.61311
7.53515, 4.5466, 4.05298, 0.195226, 0.0208841, 0.0261419, 1.82813, 0.0167258, -0.000289593, 0.791965, 0.610337
7.54515, 4.54428, 4.06012, 0.195267, 0.020884, 0.0252628, 1.83604, 0.0163754, -0.00062272, 0.794375, 0.607206
7.5551, 4.54191, 4.06721, 0.195434, 0.0205558, 0.0250729, 1.84375, 0.0161981, -0.000612495, 0.79671, 0.604144
7.56499, 4.53948, 4.0742, 0.195522, 0.020118, 0.0249753, 1.85114, 0.0160251, -0.000526787, 0.798937, 0.601201
7.57494, 4.53703, 4.08116, 0.195674, 0.0194503, 0.0247715, 1.85842, 0.0157417, -0.000378606, 0.801119, 0.598297
7.58505, 4.53446, 4.08797, 0.195701, 0.0190929, 0.0247532, 1.86557, 0.0156265, -0.000296847, 0.803255, 0.59543
7.59499, 4.53169, 4.09439, 0.195329, 0.0179047, 0.0241832, 1.87401, 0.0150438, -5.27852e-05, 0.80576, 0.592052
7.60513, 4.5291, 4.10091, 0.195284, 0.0177727, 0.0236691, 1.88089, 0.014797, -0.000202822, 0.807794, 0.589279
7.61502, 4.52653, 4.10733, 0.195257, 0.0181349, 0.0225177, 1.88765, 0.0144363, -0.000737237, 0.809784, 0.586549
7.62502, 4.52398, 4.11363, 0.195298, 0.01807, 0.0221615, 1.89405, 0.0142704, -0.000861078, 0.811656, 0.583961
7.63489, 4.52138, 4.11976, 0.195287, 0.0180894, 0.0222158, 1.90029, 0.0142954, -0.000897739, 0.813474, 0.581425
7.6451, 4.51892, 4.12582, 0.195328, 0.0181463, 0.0221882, 1.90668, 0.0142977, -0.00097458, 0.815328, 0.578822
7.65503, 4.51646, 4.13173, 0.195351, 0.0186518, 0.0215634, 1.91279, 0.0141851, -0.00140489, 0.817094, 0.576328
7.66982, 4.51265, 4.14039, 0.195314, 0.0184293, 0.0211273, 1.92175, 0.0139362, -0.00150216, 0.81967, 0.572665
7.68009, 4.51014, 4.14612, 0.19535, 0.0181688, 0.0210154, 1.92796, 0.0138113, -0.00147032, 0.821444, 0.57012
7.69022, 4.50764, 4.15171, 0.195383, 0.0182898, 0.0197707, 1.93386, 0.013329, -0.00191423, 0.823123, 0.567704
7.70005, 4.50512, 4.15716, 0.195445, 0.0184447, 0.0200059, 1.93977, 0.0134641, -0.001951, 0.824797, 0.565265
7.7101, 4.50259, 4.1625, 0.195487, 0.0182932, 0.0210738, 1.94548, 0.013857, -0.00162623, 0.826407, 0.562901
7.71992, 4.50016, 4.16786, 0.195593, 0.0183267, 0.0200225, 1.95179, 0.0134259, -0.00197842, 0.828179, 0.560299
7.73006, 4.4977, 4.17313, 0.195751, 0.0179531, 0.0188972, 1.95778, 0.0128489, -0.0021775, 0.829854, 0.557828
7.74008, 4.49518, 4.17832, 0.19581, 0.0174733, 0.0187211, 1.96368, 0.012636, -0.00206483, 0.831497, 0.555382
7.74988, 4.49274, 4.18343, 0.195828, 0.0170204, 0.0188049, 1.96935, 0.0125397, -0.00188884, 0.83307, 0.553022
7.76013, 4.49037, 4.18845, 0.195997, 0.0168351, 0.0182897, 1.97515, 0.0122682, -0.00198967, 0.83467, 0.550611
7.76994, 4.48794, 4.19336, 0.196009, 0.0164222, 0.0187847, 1.98062, 0.0123564, -0.0017149, 0.836173, 0.548324
7.78, 4.48554, 4.19817, 0.195974, 0.0161914, 0.0178887, 1.98638, 0.0119132, -0.00189846, 0.837751, 0.545919
7.79013, 4.48315, 4.20281, 0.19603, 0.0162589, 0.017429, 1.99159, 0.0117337, -0.00208281, 0.83917, 0.543738
7.80011, 4.48072, 4.20736, 0.19608, 0.0161079, 0.0174219, 1.9966, 0.0116845, -0.00205063, 0.840531, 0.541634
7.81005, 4.47837, 4.21174, 0.196177, 0.0159538, 0.0165541, 2.00174, 0.0112724, -0.00224994, 0.841921, 0.539478
7.81991, 4.47597, 4.21606, 0.196264, 0.0160302, 0.0158033, 2.00669, 0.0109708, -0.0025118, 0.843253, 0.537399
7.83007, 4.47368, 4.22025, 0.196307, 0.015683, 0.0161339, 2.01152, 0.0110113, -0.00230316, 0.844549, 0.53536
7.84022, 4.47138, 4.22428, 0.196351, 0.015325, 0.0160557, 2.01621, 0.0108774, -0.00219844, 0.845804, 0.533379
7.84996, 4.4692, 4.22823, 0.196348, 0.0151943, 0.0153128, 2.02114, 0.0105226, -0.00236728, 0.847116, 0.531298
7.86508, 4.46599, 4.23392, 0.196332, 0.014907, 0.0165898, 2.02764, 0.0109808, -0.00194198, 0.848838, 0.528535
7.87489, 4.46384, 4.23765, 0.196391, 0.0152036, 0.0156627, 2.03199, 0.0106607, -0.0023361, 0.849985, 0.526693
7.87997, 4.46275, 4.23947, 0.196398, 0.0147509, 0.0155572, 2.03405, 0.0104944, -0.00218233, 0.850529, 0.525819
7.89494, 4.4596, 4.24474, 0.196452, 0.0147781, 0.0145475, 2.04036, 0.0100644, -0.00249111, 0.852184, 0.52314
7.90511, 4.45755, 4.24816, 0.196475, 0.0145082, 0.0147625, 2.04418, 0.010081, -0.00233913, 0.853181, 0.521512
7.91496, 4.45555, 4.25147, 0.196499, 0.0145822, 0.0147509, 2.04805, 0.0100907, -0.00239333, 0.85419, 0.519857
7.9249, 4.45356, 4.25469, 0.196522, 0.0144448, 0.0144449, 2.05172, 0.00991983, -0.00243233, 0.855142, 0.518294
7.93521, 4.45168, 4.25784, 0.196531, 0.0138447, 0.0151766, 2.05531, 0.0100736, -0.00200419, 0.856071, 0.516756
7.94513, 4.44977, 4.26092, 0.196567, 0.0142518, 0.0140303, 2.05902, 0.00968353, -0.00249266, 0.857029, 0.515172
7.95508, 4.44787, 4.26392, 0.196553, 0.0138244, 0.014838, 2.0621, 0.00991631, -0.00211673, 0.857822, 0.513847
7.96512, 4.4461, 4.26683, 0.196564, 0.0136106, 0.0143956, 2.06571, 0.00966773, -0.00215617, 0.858748, 0.512302
7.97486, 4.44431, 4.26971, 0.196615, 0.0135652, 0.0142075, 2.06911, 0.00957162, -0.00220109, 0.859617, 0.510844
7.98513, 4.44253, 4.27244, 0.196643, 0.0136362, 0.0139156, 2.07222, 0.0094607, -0.00232094, 0.860412, 0.509506
7.9951, 4.44078, 4.27513, 0.196655, 0.0133308, 0.0142735, 2.07515, 0.00953378, -0.00211233, 0.861157, 0.508245
8.00509, 4.43919, 4.27772, 0.196679, 0.0130703, 0.013776, 2.07825, 0.00925007, -0.00214091, 0.861945, 0.506912
8.01496, 4.43758, 4.28019, 0.196675, 0.0129052, 0.0141585, 2.08114, 0.00937018, -0.00198633, 0.862676, 0.505667
8.02489, 4.43603, 4.28261, 0.196678, 0.0129364, 0.014967, 2.08383, 0.00972436, -0.00180843, 0.863353, 0.504503
8.04001, 4.43379, 4.28613, 0.196667, 0.0130429, 0.0138365, 2.08828, 0.00925847, -0.00216023, 0.864477, 0.502583
8.04995, 4.43232, 4.2884, 0.196628, 0.0126541, 0.0146684, 2.09101, 0.00951788, -0.0017961, 0.865161, 0.501401
8.05508, 4.43158, 4.28947, 0.19662, 0.0124313, 0.015097, 2.09222, 0.00964646, -0.00159806, 0.865462, 0.500879
8.06993, 4.42954, 4.29268, 0.19657, 0.0124494, 0.0150025, 2.09635, 0.00960671, -0.00164943, 0.866495, 0.49909
8.07995, 4.42818, 4.29474, 0.196655, 0.0123568, 0.0151376, 2.0988, 0.00964022, -0.00158739, 0.867106, 0.498029
