time, velFL, velFR, velBL, velBR
0, 0, 0, 0, 0
0.0200171, 0, 0, 0, 0
0.040005, 0, 0, 0, 0
0.0599911, 0, 0, 0, 0
0.0800152, 0, 0, 0, 0
0.100029, 0, 0, 0, 0
0.120011, 0, 0, 0, 0
0.140019, 0, 0, 0, 0
0.160025, 0, 0, 0, 0
0.179988, 0, 0, 0, 0
0.19997, 0, 0, 0, 0
0.22002, 0, 0, 0, 0
0.24002, 0, 0, 0, 0
0.260005, 0, 0, 0, 0
0.280029, 0, 0, 0, 0
0.300019, 0, 0, 0, 0
0.320091, 0, 0, 0, 0
0.340003, 0, 0, 0, 0
0.359995, 0, 0, 0, 0
0.380018, 0, 0, 0, 0
0.400155, 0, 0, 0, 0
0.420032, 0, 0, 0, 0
0.439994, 0, 0, 0, 0
0.459986, 0, 0, 0, 0
0.479994, 0, 0, 0, 0
0.500046, 0, 0, 0, 0
0.520156, 0, 0, 0, 0
0.540038, 0, 0, 0, 0
0.560014, 0, 0, 0, 0
0.58003, 0, 0, 0, 0
0.600138, 0, 0, 0, 0
0.620035, 0, 0, 0, 0
0.640011, 0, 0, 0, 0
0.659993, 0, 0, 0, 0
0.680008, 0, 0, 0, 0
0.699991, 0, 0, 0, 0
0.719994, 0, 0, 0, 0
0.740002, 0, 0, 0, 0
0.760007, 0, 0, 0, 0
0.779996, 0, 0, 0, 0
0.80003, 0, 0, 0, 0
0.820019, 0, 0, 0, 0
0.840045, 0, 0, 0, 0
0.860145, 0, 0, 0, 0
0.880056, 0, 0, 0, 0
0.900206, 0, 0, 0, 0
0.920244, 0, 0, 0, 0
0.940039, 0, 0, 0, 0
0.960057, 0, 0, 0, 0
0.980022, 0, 0, 0, 0
1.00004, 0, 0, 0, 0
1.02001, 0, 0, 0, 0
1.04, 0, 0, 0, 0
1.06, 0, 0, 0, 0
1.0801, 0, 0, 0, 0
1.10006, 0, 0, 0, 0
1.12007, 0, 0, 0, 0
1.13997, 0, 0, 0, 0
1.16, 0, 0, 0, 0
1.18, 0, 0, 0, 0
1.20001, 0, 0, 0, 0
1.22011, 0, 0, 0, 0
1.24003, 0, 0, 0, 0
1.25999, 0, 0, 0, 0
1.28003, 0, 0, 0, 0
1.30005, 0, 0, 0, 0
1.32003, 0, 0, 0, 0
1.3401, 0, 0, 0, 0
1.36, 0, 0, 0, 0
1.38007, 0, 0, 0, 0
1.4, 0, 0, 0, 0
1.42001, 0, 0, 0, 0
1.44, 0, 0, 0, 0
1.4601, 0, 0, 0, 0
1.48012, 0, 0, 0, 0
1.50009, 0, 0, 0, 0
1.52005, 0, 0, 0, 0
1.54005, 0, 0, 0, 0
1.56043, 0, 0, 0, 0
1.58021, 0, 0, 0, 0
1.60008, 0, 0, 0, 0
1.62007, 0, 0, 0, 0
1.64007, 0, 0, 0, 0
1.66009, 0, 0, 0, 0
1.68008, 0, 0, 0, 0
1.7001, 0, 0, 0, 0
1.72011, 0, 0, 0, 0
1.74006, 0, 0, 0, 0
1.76008, 0, 0, 0, 0
1.78009, 0, 0, 0, 0
1.8001, 0, 0, 0, 0
1.82007, 0, 0, 0, 0
1.84027, 0, 0, 0, 0
1.86014, 0, 0, 0, 0
1.88011, 0, 0, 0, 0
1.90006, 0, 0, 0, 0
1.92011, 0, 0, 0, 0
1.9401, 0, 0, 0, 0
1.96042, 0, 0, 0, 0
1.98003, 0, 0, 0, 0
2.00004, 0, 0, 0, 0
2.02003, 0, 0, 0, 0
2.04011, 0, 0, 0, 0
2.06007, 0, 0, 0, 0
2.08, 0, 0, 0, 0
2.1, 0, 0, 0, 0
2.12003, 0, 0, 0, 0
2.14001, 0, 0, 0, 0
2.15999, 0, 0, 0, 0
2.18002, 0, 0, 0, 0
2.20002, 0, 0, 0, 0
2.22001, 0, 0, 0, 0
2.24, 0, 0, 0, 0
2.26, 0, 0, 0, 0
2.28001, 0, 0, 0, 0
2.30003, 0, 0, 0, 0
2.32011, 0, 0, 0, 0
2.34002, 0, 0, 0, 0
2.36002, 0, 0, 0, 0
2.38003, 0, 0, 0, 0
2.4001, 0, 0, 0, 0
2.42006, 0, 0, 0, 0
2.44006, 0, 0, 0, 0
2.46001, 0, 0, 0, 0
2.48, 0, 0, 0, 0
2.5, 0, 0, 0, 0
2.52, 0, 0, 0, 0
2.54, 0, 0, 0, 0
2.55999, 0, 0, 0, 0
2.58003, 0, 0, 0, 0
2.59997, 0, 0, 0, 0
2.61998, 0, 0, 0, 0
2.63998, 0, 0, 0, 0
2.66006, 0, 0, 0, 0
2.68012, 0, 0, 0, 0
2.70007, 0, 0, 0, 0
2.72, 0, 0, 0, 0
2.74007, 0, 0, 0, 0
2.76003, 0, 0, 0, 0
2.77998, 0, 0, 0, 0
2.8, 0, 0, 0, 0
2.81999, 0, 0, 0, 0
2.84004, 0, 0, 0, 0
2.86006, 0, 0, 0, 0
2.88001, 0, 0, 0, 0
2.90003, 0, 0, 0, 0
2.92, 0, 0, 0, 0
2.94004, 0, 0, 0, 0
2.96003, 0, 0, 0, 0
2.98005, 0, 0, 0, 0
3, 0, 0, 0, 0
3.02004, 0, 0, 0, 0
3.04001, 0, 0, 0, 0
3.06002, 0, 0, 0, 0
3.08012, 0, 0, 0, 0
3.10007, 0, 0, 0, 0
3.12, 0, 0, 0, 0
3.14003, 0, 0, 0, 0
3.16, 0, 0, 0, 0
3.18003, 0, 0, 0, 0
3.2, 0, 0, 0, 0
3.22001, 0, 0, 0, 0
3.23999, 0, 0, 0, 0
3.26002, 0, 0, 0, 0
3.27999, 0, 0, 0, 0
3.30001, 0, 0, 0, 0.466409
3.32006, 0, 0, 0, 0.466409
3.34006, 0, 0, 0, 0.466409
3.36, 0, 0, 0, 0.466409
3.38003, 0, 0, 0, 0.466409
3.40001, 0, 0, 0, 0.466409
3.42, 0, 0, 0, 0.466409
3.44, 0, 0, 0, 0.466409
3.45998, 0, 0, 0, 0.466409
3.48, 0, 0, 0, 0.466409
3.5, 0, 0, 0, 0.466409
3.51999, 0, 0, 0, 0.466409
3.54004, 0, 0.466337, 0.466337, 0
3.56, 0, 0.466337, 0.466337, 0
3.58006, 0, 0.466337, 0.466337, 0
3.6, 0, 0.466337, 0.466337, 0
3.62001, 0, 0.466337, 0.466337, 0
3.64002, 0, 0.466337, 0.466337, 0
3.66006, 0, 0.466337, 0.466337, 0
3.68004, 0, 0.466337, 0.466337, 0
3.7001, 0, 0.466337, 0.466337, 0
3.72007, 0, 0.466337, 0.466337, 0
3.74011, 0, 0.466337, 0.466337, 0
3.76003, 0, 0.466337, 0.466337, 0
3.78004, 0, 0.466337, 0.466337, 0
3.80001, 0.468111, 0, 0, 0.468111
3.82003, 0.468111, 0, 0, 0.468111
3.84007, 0.468111, 0, 0, 0.468111
3.86013, 0.468111, 0, 0, 0.468111
3.88006, 0.468111, 0, 0, 0.468111
3.90001, 0.468111, 0, 0, 0.468111
3.92, 0.468111, 0, 0, 0.468111
3.94002, 0.468111, 0, 0, 0.468111
3.96011, 0.468111, 0, 0, 0.468111
3.98009, 0.468111, 0, 0, 0.468111
4.00001, 0.468111, 0, 0, 0.468111
4.02001, 0.468111, 0, 0, 0.468111
4.04, 0.468111, 0, 0, 0.468111
4.06, 0.233188, 0.466376, 0, 0
4.07999, 0.233188, 0.466376, 0, 0
4.1, 0.233188, 0.466376, 0, 0
4.12001, 0.233188, 0.466376, 0, 0
4.14013, 0.233188, 0.466376, 0, 0
4.16002, 0.233188, 0.466376, 0, 0
4.17999, 0.233188, 0.466376, 0, 0
4.19999, 0.233188, 0.466376, 0, 0
4.22, 0.233188, 0.466376, 0, 0
4.23999, 0.233188, 0.466376, 0, 0
4.25995, 0.233188, 0.466376, 0, 0
4.28, 0.233188, 0.466376, 0, 0
4.30003, 0.233188, 0.466376, 0, 0
4.32, 0.233166, 0.466332, 0.233166, 0.466332
4.33999, 0.233166, 0.466332, 0.233166, 0.466332
4.36, 0.233166, 0.466332, 0.233166, 0.466332
4.37999, 0.233166, 0.466332, 0.233166, 0.466332
4.39999, 0.233166, 0.466332, 0.233166, 0.466332
4.41998, 0.233166, 0.466332, 0.233166, 0.466332
4.43999, 0.233166, 0.466332, 0.233166, 0.466332
4.45999, 0.233166, 0.466332, 0.233166, 0.466332
4.47999, 0.233166, 0.466332, 0.233166, 0.466332
4.50003, 0.233166, 0.466332, 0.233166, 0.466332
4.51999, 0.574158, 0, 0.287079, 0.574158
4.53999, 0.574158, 0, 0.287079, 0.574158
4.56, 0.574158, 0, 0.287079, 0.574158
4.57998, 0.574158, 0, 0.287079, 0.574158
4.60002, 0.574158, 0, 0.287079, 0.574158
4.62, 0.574158, 0, 0.287079, 0.574158
4.64, 0.574158, 0, 0.287079, 0.574158
4.66004, 0.574158, 0, 0.287079, 0.574158
4.68014, 0.574158, 0, 0.287079, 0.574158
4.70002, 0.574158, 0, 0.287079, 0.574158
4.72002, 0.574158, 0, 0.287079, 0.574158
4.74005, 0.574158, 0, 0.287079, 0.574158
4.76001, 0.574158, 0, 0.287079, 0.574158
4.78002, 0.466161, 0.466161, 0, 0.466161
4.80001, 0.466161, 0.466161, 0, 0.466161
4.82, 0.466161, 0.466161, 0, 0.466161
4.84005, 0.466161, 0.466161, 0, 0.466161
4.86003, 0.466161, 0.466161, 0, 0.466161
4.88004, 0.466161, 0.466161, 0, 0.466161
4.9, 0.466161, 0.466161, 0, 0.466161
4.91999, 0.466161, 0.466161, 0, 0.466161
4.94003, 0.466161, 0.466161, 0, 0.466161
4.95999, 0.466161, 0.466161, 0, 0.466161
4.98001, 0.466161, 0.466161, 0, 0.466161
5.00003, 0.466161, 0.466161, 0, 0.466161
5.01999, 0.466161, 0.466161, 0, 0.466161
5.03999, 0.466487, 0.466487, 0.466487, 0.466487
5.06, 0.466487, 0.466487, 0.466487, 0.466487
5.08001, 0.466487, 0.466487, 0.466487, 0.466487
5.09999, 0.466487, 0.466487, 0.466487, 0.466487
5.12001, 0.466487, 0.466487, 0.466487, 0.466487
5.13998, 0.466487, 0.466487, 0.466487, 0.466487
5.15999, 0.466487, 0.466487, 0.466487, 0.466487
5.17999, 0.466487, 0.466487, 0.466487, 0.466487
5.19998, 0.466487, 0.466487, 0.466487, 0.466487
5.22001, 0.466487, 0.466487, 0.466487, 0.466487
5.24, 0.466487, 0.466487, 0.466487, 0.466487
5.26, 0.466487, 0.466487, 0.466487, 0.466487
5.28, 0.466487, 0.466487, 0.466487, 0.466487
5.29999, 0.466321, 0.466321, 0, 0.466321
5.32006, 0.466321, 0.466321, 0, 0.466321
5.33999, 0.466321, 0.466321, 0, 0.466321
5.36, 0.466321, 0.466321, 0, 0.466321
5.37999, 0.466321, 0.466321, 0, 0.466321
5.39999, 0.466321, 0.466321, 0, 0.466321
5.42003, 0.466321, 0.466321, 0, 0.466321
5.43999, 0.466321, 0.466321, 0, 0.466321
5.46001, 0.466321, 0.466321, 0, 0.466321
5.47999, 0.466321, 0.466321, 0, 0.466321
5.49999, 0.466321, 0.466321, 0, 0.466321
5.51998, 0.466321, 0.466321, 0, 0.466321
5.54007, 0.466388, 0.699582, 0.466388, 0.466388
5.55999, 0.466388, 0.699582, 0.466388, 0.466388
5.57998, 0.466388, 0.699582, 0.466388, 0.466388
5.60003, 0.466388, 0.699582, 0.466388, 0.466388
5.62004, 0.466388, 0.699582, 0.466388, 0.466388
5.64, 0.466388, 0.699582, 0.466388, 0.466388
5.66, 0.466388, 0.699582, 0.466388, 0.466388
5.68, 0.466388, 0.699582, 0.466388, 0.466388
5.69997, 0.466388, 0.699582, 0.466388, 0.466388
5.72003, 0.466388, 0.699582, 0.466388, 0.466388
5.73999, 0.466388, 0.699582, 0.466388, 0.466388
5.75999, 0.466388, 0.699582, 0.466388, 0.466388
5.77999, 0.466388, 0.699582, 0.466388, 0.466388
5.79999, 0.466319, 0.699479, 0, 0.466319
5.81998, 0.466319, 0.699479, 0, 0.466319
5.84004, 0.466319, 0.699479, 0, 0.466319
5.86014, 0.466319, 0.699479, 0, 0.466319
5.88, 0.466319, 0.699479, 0, 0.466319
5.9, 0.466319, 0.699479, 0, 0.466319
5.92, 0.466319, 0.699479, 0, 0.466319
5.94003, 0.466319, 0.699479, 0, 0.466319
5.95999, 0.466319, 0.699479, 0, 0.466319
5.98, 0.466319, 0.699479, 0, 0.466319
6, 0.466319, 0.699479, 0, 0.466319
6.01999, 0.466319, 0.699479, 0, 0.466319
6.04, 0.466319, 0.699479, 0, 0.466319
6.05999, 0.466343, 0.466343, 0.466343, 0.466343
6.08002, 0.466343, 0.466343, 0.466343, 0.466343
6.09998, 0.466343, 0.466343, 0.466343, 0.466343
6.12, 0.466343, 0.466343, 0.466343, 0.466343
6.14001, 0.466343, 0.466343, 0.466343, 0.466343
6.16, 0.466343, 0.466343, 0.466343, 0.466343
6.17998, 0.466343, 0.466343, 0.466343, 0.466343
6.2, 0.466343, 0.466343, 0.466343, 0.466343
6.22002, 0.466343, 0.466343, 0.466343, 0.466343
6.24005, 0.466343, 0.466343, 0.466343, 0.466343
6.26001, 0.466343, 0.466343, 0.466343, 0.466343
6.27999, 0.466343, 0.466343, 0.466343, 0.466343
6.29999, 0.466343, 0.466343, 0.466343, 0.466343
6.32001, 0.466288, 0.466288, 0, 0.699432
6.34001, 0.466288, 0.466288, 0, 0.699432
6.36003, 0.466288, 0.466288, 0, 0.699432
6.38, 0.466288, 0.466288, 0, 0.699432
6.39999, 0.466288, 0.466288, 0, 0.699432
6.41997, 0.466288, 0.466288, 0, 0.699432
6.43999, 0.466288, 0.466288, 0, 0.699432
6.45999, 0.466288, 0.466288, 0, 0.699432
6.47999, 0.466288, 0.466288, 0, 0.699432
6.49999, 0.466288, 0.466288, 0, 0.699432
6.52004, 0.466288, 0.466288, 0, 0.699432
6.54008, 0.466288, 0.466288, 0, 0.699432
6.56, 0.466288, 0.466288, 0, 0.699432
6.58, 0.466267, 0.466267, 0.466267, 0.6994
6.59999, 0.466267, 0.466267, 0.466267, 0.6994
6.62001, 0.466267, 0.466267, 0.466267, 0.6994
6.64002, 0.466267, 0.466267, 0.466267, 0.6994
6.66, 0.466267, 0.466267, 0.466267, 0.6994
6.67999, 0.466267, 0.466267, 0.466267, 0.6994
6.70004, 0.466267, 0.466267, 0.466267, 0.6994
6.72003, 0.466267, 0.466267, 0.466267, 0.6994
6.74002, 0.466267, 0.466267, 0.466267, 0.6994
6.76014, 0.466267, 0.466267, 0.466267, 0.6994
6.78004, 0.466267, 0.466267, 0.466267, 0.6994
6.79999, 0.466267, 0.466267, 0.466267, 0.6994
6.81999, 0.466525, 0.93305, 0, 0.466525
6.84015, 0.466525, 0.93305, 0, 0.466525
6.86006, 0.466525, 0.93305, 0, 0.466525
6.88009, 0.466525, 0.93305, 0, 0.466525
6.90003, 0.466525, 0.93305, 0, 0.466525
6.92, 0.466525, 0.93305, 0, 0.466525
6.94, 0.466525, 0.93305, 0, 0.466525
6.96, 0.466525, 0.93305, 0, 0.466525
6.97999, 0.466525, 0.93305, 0, 0.466525
7, 0.466525, 0.93305, 0, 0.466525
7.02, 0.466525, 0.93305, 0, 0.466525
7.03999, 0.466525, 0.93305, 0, 0.466525
7.06, 0.466525, 0.93305, 0, 0.466525
7.07999, 0.466336, 0.466336, 0.466336, 0.466336
7.09998, 0.466336, 0.466336, 0.466336, 0.466336
7.12002, 0.466336, 0.466336, 0.466336, 0.466336
7.14, 0.466336, 0.466336, 0.466336, 0.466336
7.16, 0.466336, 0.466336, 0.466336, 0.466336
7.18, 0.466336, 0.466336, 0.466336, 0.466336
7.2, 0.466336, 0.466336, 0.466336, 0.466336
7.21999, 0.466336, 0.466336, 0.466336, 0.466336
7.23999, 0.466336, 0.466336, 0.466336, 0.466336
7.26, 0.466336, 0.466336, 0.466336, 0.466336
7.28, 0.466336, 0.466336, 0.466336, 0.466336
7.29999, 0.466336, 0.466336, 0.466336, 0.466336
7.32, 0.466336, 0.466336, 0.466336, 0.466336
7.33999, 0.699618, 0.466412, 0.466412, 0.932824
7.35998, 0.699618, 0.466412, 0.466412, 0.932824
7.38, 0.699618, 0.466412, 0.466412, 0.932824
7.39999, 0.699618, 0.466412, 0.466412, 0.932824
7.42, 0.699618, 0.466412, 0.466412, 0.932824
7.43998, 0.699618, 0.466412, 0.466412, 0.932824
7.46, 0.699618, 0.466412, 0.466412, 0.932824
7.47999, 0.699618, 0.466412, 0.466412, 0.932824
7.49999, 0.699618, 0.466412, 0.466412, 0.932824
7.52002, 0.699618, 0.466412, 0.466412, 0.932824
7.54002, 0.699618, 0.466412, 0.466412, 0.932824
7.56, 0.699618, 0.466412, 0.466412, 0.932824
7.58001, 0.699618, 0.466412, 0.466412, 0.932824
7.60001, 0.699435, 0.93258, 0, 0.46629
7.62002, 0.699435, 0.93258, 0, 0.46629
7.64001, 0.699435, 0.93258, 0, 0.46629
7.66, 0.699435, 0.93258, 0, 0.46629
7.68003, 0.699435, 0.93258, 0, 0.46629
7.70005, 0.699435, 0.93258, 0, 0.46629
7.72005, 0.699435, 0.93258, 0, 0.46629
7.74001, 0.699435, 0.93258, 0, 0.46629
7.75997, 0.699435, 0.93258, 0, 0.46629
7.78, 0.699435, 0.93258, 0, 0.46629
7.8, 0.699435, 0.93258, 0, 0.46629
7.82, 0.699435, 0.93258, 0, 0.46629
7.84004, 0.699435, 0.93258, 0, 0.46629
7.86004, 0.465536, 0.465536, 0.465536, 0.698304
7.88005, 0.465536, 0.465536, 0.465536, 0.698304
7.89999, 0.465536, 0.465536, 0.465536, 0.698304
7.91999, 0.465536, 0.465536, 0.465536, 0.698304
7.94001, 0.465536, 0.465536, 0.465536, 0.698304
7.96001, 0.465536, 0.465536, 0.465536, 0.698304
7.97999, 0.465536, 0.465536, 0.465536, 0.698304
7.99999, 0.465536, 0.465536, 0.465536, 0.698304
8.01999, 0.465536, 0.465536, 0.465536, 0.698304
8.04, 0.465536, 0.465536, 0.465536, 0.698304
8.05999, 0.575383, 0.575383, 0, 0.863075
8.07998, 0.575383, 0.575383, 0, 0.863075
8.09999, 0.575383, 0.575383, 0, 0.863075
8.12004, 0.575383, 0.575383, 0, 0.863075
8.14, 0.575383, 0.575383, 0, 0.863075
8.16003, 0.575383, 0.575383, 0, 0.863075
8.17999, 0.575383, 0.575383, 0, 0.863075
8.19999, 0.575383, 0.575383, 0, 0.863075
8.22, 0.575383, 0.575383, 0, 0.863075
8.24003, 0.575383, 0.575383, 0, 0.863075
8.26004, 0.575383, 0.575383, 0, 0.863075
8.27999, 0.575383, 0.575383, 0, 0.863075
8.3, 0.575383, 0.575383, 0, 0.863075
8.32, 0.46617, 0.93234, 0.46617, 0.46617
8.34, 0.46617, 0.93234, 0.46617, 0.46617
8.36, 0.46617, 0.93234, 0.46617, 0.46617
8.37999, 0.46617, 0.93234, 0.46617, 0.46617
8.4, 0.46617, 0.93234, 0.46617, 0.46617
8.41996, 0.46617, 0.93234, 0.46617, 0.46617
8.43999, 0.46617, 0.93234, 0.46617, 0.46617
8.45998, 0.46617, 0.93234, 0.46617, 0.46617
8.47999, 0.46617, 0.93234, 0.46617, 0.46617
8.50004, 0.46617, 0.93234, 0.46617, 0.46617
8.51999, 0.46617, 0.93234, 0.46617, 0.46617
8.53999, 0.46617, 0.93234, 0.46617, 0.46617
8.56, 0.46617, 0.93234, 0.46617, 0.46617
8.57999, 0.466461, 0.466461, 0.466461, 0.466461
8.59998, 0.466461, 0.466461, 0.466461, 0.466461
8.62002, 0.466461, 0.466461, 0.466461, 0.466461
8.64001, 0.466461, 0.466461, 0.466461, 0.466461
8.66001, 0.466461, 0.466461, 0.466461, 0.466461
8.68, 0.466461, 0.466461, 0.466461, 0.466461
8.69999, 0.466461, 0.466461, 0.466461, 0.466461
8.72002, 0.466461, 0.466461, 0.466461, 0.466461
8.74003, 0.466461, 0.466461, 0.466461, 0.466461
8.75999, 0.466461, 0.466461, 0.466461, 0.466461
8.78003, 0.466461, 0.466461, 0.466461, 0.466461
8.80004, 0.466461, 0.466461, 0.466461, 0.466461
8.81999, 0.93262, 0.46631, 0, 0.93262
8.84008, 0.93262, 0.46631, 0, 0.93262
8.86012, 0.93262, 0.46631, 0, 0.93262
8.88005, 0.93262, 0.46631, 0, 0.93262
8.90001, 0.93262, 0.46631, 0, 0.93262
8.92, 0.93262, 0.46631, 0, 0.93262
8.94, 0.93262, 0.46631, 0, 0.93262
8.96, 0.93262, 0.46631, 0, 0.93262
8.97999, 0.93262, 0.46631, 0, 0.93262
8.99999, 0.93262, 0.46631, 0, 0.93262
9.01999, 0.93262, 0.46631, 0, 0.93262
9.03999, 0.93262, 0.46631, 0, 0.93262
9.05999, 0.93262, 0.46631, 0, 0.93262
9.08, 0.46635, 0.932701, 0.46635, 0.46635
9.09999, 0.46635, 0.932701, 0.46635, 0.46635
9.12, 0.46635, 0.932701, 0.46635, 0.46635
9.14004, 0.46635, 0.932701, 0.46635, 0.46635
9.16, 0.46635, 0.932701, 0.46635, 0.46635
9.18, 0.46635, 0.932701, 0.46635, 0.46635
9.20002, 0.46635, 0.932701, 0.46635, 0.46635
9.22, 0.46635, 0.932701, 0.46635, 0.46635
9.24003, 0.46635, 0.932701, 0.46635, 0.46635
9.25999, 0.46635, 0.932701, 0.46635, 0.46635
9.28, 0.46635, 0.932701, 0.46635, 0.46635
9.29999, 0.46635, 0.932701, 0.46635, 0.46635
9.31998, 0.46635, 0.932701, 0.46635, 0.46635
9.33999, 0.466337, 0.466337, 0, 0.699506
9.36002, 0.466337, 0.466337, 0, 0.699506
9.37999, 0.466337, 0.466337, 0, 0.699506
9.39999, 0.466337, 0.466337, 0, 0.699506
9.42001, 0.466337, 0.466337, 0, 0.699506
9.43999, 0.466337, 0.466337, 0, 0.699506
9.46001, 0.466337, 0.466337, 0, 0.699506
9.48004, 0.466337, 0.466337, 0, 0.699506
9.50011, 0.466337, 0.466337, 0, 0.699506
9.52006, 0.466337, 0.466337, 0, 0.699506
9.54009, 0.466337, 0.466337, 0, 0.699506
9.56004, 0.466337, 0.466337, 0, 0.699506
9.58009, 0.466337, 0.466337, 0, 0.699506
9.59999, 0.466349, 0.699523, 0.466349, 0.699523
9.62002, 0.466349, 0.699523, 0.466349, 0.699523
9.64005, 0.466349, 0.699523, 0.466349, 0.699523
9.66001, 0.466349, 0.699523, 0.466349, 0.699523
9.68, 0.466349, 0.699523, 0.466349, 0.699523
9.69999, 0.466349, 0.699523, 0.466349, 0.699523
9.72, 0.466349, 0.699523, 0.466349, 0.699523
9.74, 0.466349, 0.699523, 0.466349, 0.699523
9.75999, 0.466349, 0.699523, 0.466349, 0.699523
9.78, 0.466349, 0.699523, 0.466349, 0.699523
9.79999, 0.466349, 0.699523, 0.466349, 0.699523
9.82001, 0.466349, 0.699523, 0.466349, 0.699523
9.84002, 0.466349, 0.699523, 0.466349, 0.699523
9.86002, 0.701202, 0.701202, 0.467468, 0.467468
9.88009, 0.701202, 0.701202, 0.467468, 0.467468
9.90005, 0.701202, 0.701202, 0.467468, 0.467468
9.92003, 0.701202, 0.701202, 0.467468, 0.467468
9.94, 0.701202, 0.701202, 0.467468, 0.467468
9.95999, 0.701202, 0.701202, 0.467468, 0.467468
9.98003, 0.701202, 0.701202, 0.467468, 0.467468
10, 0.701202, 0.701202, 0.467468, 0.467468
10.02, 0.701202, 0.701202, 0.467468, 0.467468
10.04, 0.701202, 0.701202, 0.467468, 0.467468
10.06, 0.701202, 0.701202, 0.467468, 0.467468
10.08, 0.701202, 0.701202, 0.467468, 0.467468
10.1, 0.70061, 0.467073, 0, 0.934146
10.12, 0.70061, 0.467073, 0, 0.934146
10.14, 0.70061, 0.467073, 0, 0.934146
10.16, 0.70061, 0.467073, 0, 0.934146
10.18, 0.70061, 0.467073, 0, 0.934146
10.2, 0.70061, 0.467073, 0, 0.934146
10.22, 0.70061, 0.467073, 0, 0.934146
10.24, 0.70061, 0.467073, 0, 0.934146
10.26, 0.70061, 0.467073, 0, 0.934146
10.28, 0.70061, 0.467073, 0, 0.934146
10.3, 0.70061, 0.467073, 0, 0.934146
10.32, 0.70061, 0.467073, 0, 0.934146
10.34, 0.70061, 0.467073, 0, 0.934146
10.36, 0.466294, 0.932587, 0.466294, 0.466294
10.38, 0.466294, 0.932587, 0.466294, 0.466294
10.4, 0.466294, 0.932587, 0.466294, 0.466294
10.42, 0.466294, 0.932587, 0.466294, 0.466294
10.44, 0.466294, 0.932587, 0.466294, 0.466294
10.46, 0.466294, 0.932587, 0.466294, 0.466294
10.48, 0.466294, 0.932587, 0.466294, 0.466294
10.5, 0.466294, 0.932587, 0.466294, 0.466294
10.5201, 0.466294, 0.932587, 0.466294, 0.466294
10.54, 0.466294, 0.932587, 0.466294, 0.466294
10.56, 0.466294, 0.932587, 0.466294, 0.466294
10.58, 0.466294, 0.932587, 0.466294, 0.466294
10.6, 0.466294, 0.932587, 0.466294, 0.466294
10.62, 0.466281, 0.466281, 0, 0.466281
10.64, 0.466281, 0.466281, 0, 0.466281
10.66, 0.466281, 0.466281, 0, 0.466281
10.68, 0.466281, 0.466281, 0, 0.466281
10.7002, 0.466281, 0.466281, 0, 0.466281
10.72, 0.466281, 0.466281, 0, 0.466281
10.7401, 0.466281, 0.466281, 0, 0.466281
10.76, 0.466281, 0.466281, 0, 0.466281
10.78, 0.466281, 0.466281, 0, 0.466281
10.8002, 0.466281, 0.466281, 0, 0.466281
10.8201, 0.466281, 0.466281, 0, 0.466281
10.8401, 0.466281, 0.466281, 0, 0.466281
10.8601, 0.466281, 0.466281, 0, 0.466281
10.8801, 0.466354, 0.466354, 0.466354, 0.932707
10.9, 0.466354, 0.466354, 0.466354, 0.932707
10.92, 0.466354, 0.466354, 0.466354, 0.932707
10.94, 0.466354, 0.466354, 0.466354, 0.932707
10.96, 0.466354, 0.466354, 0.466354, 0.932707
10.98, 0.466354, 0.466354, 0.466354, 0.932707
11, 0.466354, 0.466354, 0.466354, 0.932707
11.02, 0.466354, 0.466354, 0.466354, 0.932707
11.04, 0.466354, 0.466354, 0.466354, 0.932707
11.06, 0.466354, 0.466354, 0.466354, 0.932707
11.08, 0.466354, 0.466354, 0.466354, 0.932707
11.1, 0.466354, 0.466354, 0.466354, 0.932707
11.12, 0.466354, 0.466354, 0.466354, 0.932707
11.14, 0.699449, 0.932598, 0.466299, 0.466299
11.16, 0.699449, 0.932598, 0.466299, 0.466299
11.18, 0.699449, 0.932598, 0.466299, 0.466299
11.2, 0.699449, 0.932598, 0.466299, 0.466299
11.22, 0.699449, 0.932598, 0.466299, 0.466299
11.24, 0.699449, 0.932598, 0.466299, 0.466299
11.26, 0.699449, 0.932598, 0.466299, 0.466299
11.28, 0.699449, 0.932598, 0.466299, 0.466299
11.3, 0.699449, 0.932598, 0.466299, 0.466299
11.32, 0.699449, 0.932598, 0.466299, 0.466299
11.34, 0.699449, 0.932598, 0.466299, 0.466299
11.36, 0.699449, 0.932598, 0.466299, 0.466299
11.38, 0.69961, 0.466407, 0, 0.466407
11.4, 0.69961, 0.466407, 0, 0.466407
11.42, 0.69961, 0.466407, 0, 0.466407
11.44, 0.69961, 0.466407, 0, 0.466407
11.46, 0.69961, 0.466407, 0, 0.466407
11.48, 0.69961, 0.466407, 0, 0.466407
11.5, 0.69961, 0.466407, 0, 0.466407
11.52, 0.69961, 0.466407, 0, 0.466407
11.54, 0.69961, 0.466407, 0, 0.466407
11.56, 0.69961, 0.466407, 0, 0.466407
11.58, 0.69961, 0.466407, 0, 0.466407
11.6, 0.574199, 0.574199, 0.574199, 0.574199
11.62, 0.574199, 0.574199, 0.574199, 0.574199
11.64, 0.574199, 0.574199, 0.574199, 0.574199
11.66, 0.574199, 0.574199, 0.574199, 0.574199
11.68, 0.574199, 0.574199, 0.574199, 0.574199
11.7, 0.574199, 0.574199, 0.574199, 0.574199
11.72, 0.574199, 0.574199, 0.574199, 0.574199
11.74, 0.574199, 0.574199, 0.574199, 0.574199
11.76, 0.574199, 0.574199, 0.574199, 0.574199
11.7801, 0.574199, 0.574199, 0.574199, 0.574199
11.8, 0.574199, 0.574199, 0.574199, 0.574199
11.82, 0.574199, 0.574199, 0.574199, 0.574199
11.84, 0.574199, 0.574199, 0.574199, 0.574199
11.86, 0.466035, 0.466035, 0, 0.932071
11.88, 0.466035, 0.466035, 0, 0.932071
11.9, 0.466035, 0.466035, 0, 0.932071
11.92, 0.466035, 0.466035, 0, 0.932071
11.94, 0.466035, 0.466035, 0, 0.932071
11.96, 0.466035, 0.466035, 0, 0.932071
11.98, 0.466035, 0.466035, 0, 0.932071
12, 0.466035, 0.466035, 0, 0.932071
12.02, 0.466035, 0.466035, 0, 0.932071
12.04, 0.466035, 0.466035, 0, 0.932071
12.06, 0.466035, 0.466035, 0, 0.932071
12.08, 0.466035, 0.466035, 0, 0.932071
12.1, 0.466676, 0.933353, 0.466676, 0.466676
12.12, 0.466676, 0.933353, 0.466676, 0.466676
12.14, 0.466676, 0.933353, 0.466676, 0.466676
12.16, 0.466676, 0.933353, 0.466676, 0.466676
12.18, 0.466676, 0.933353, 0.466676, 0.466676
12.2, 0.466676, 0.933353, 0.466676, 0.466676
12.22, 0.466676, 0.933353, 0.466676, 0.466676
12.24, 0.466676, 0.933353, 0.466676, 0.466676
12.26, 0.466676, 0.933353, 0.466676, 0.466676
12.28, 0.466676, 0.933353, 0.466676, 0.466676
12.3, 0.466676, 0.933353, 0.466676, 0.466676
12.32, 0.466676, 0.933353, 0.466676, 0.466676
12.34, 0.466676, 0.933353, 0.466676, 0.466676
12.36, 0.466301, 0.466301, 0, 0.466301
12.38, 0.466301, 0.466301, 0, 0.466301
12.4001, 0.466301, 0.466301, 0, 0.466301
12.42, 0.466301, 0.466301, 0, 0.466301
12.44, 0.466301, 0.466301, 0, 0.466301
12.46, 0.466301, 0.466301, 0, 0.466301
12.48, 0.466301, 0.466301, 0, 0.466301
12.5, 0.466301, 0.466301, 0, 0.466301
12.52, 0.466301, 0.466301, 0, 0.466301
12.54, 0.466301, 0.466301, 0, 0.466301
12.56, 0.466301, 0.466301, 0, 0.466301
12.58, 0.466301, 0.466301, 0, 0.466301
12.6, 0.466301, 0.466301, 0, 0.466301
12.62, 0.466277, 0.466277, 0.466277, 0.699416
12.64, 0.466277, 0.466277, 0.466277, 0.699416
12.66, 0.466277, 0.466277, 0.466277, 0.699416
12.68, 0.466277, 0.466277, 0.466277, 0.699416
12.7, 0.466277, 0.466277, 0.466277, 0.699416
12.72, 0.466277, 0.466277, 0.466277, 0.699416
12.74, 0.466277, 0.466277, 0.466277, 0.699416
12.76, 0.466277, 0.466277, 0.466277, 0.699416
12.78, 0.466277, 0.466277, 0.466277, 0.699416
12.8, 0.466277, 0.466277, 0.466277, 0.699416
12.82, 0.466277, 0.466277, 0.466277, 0.699416
12.8401, 0.466277, 0.466277, 0.466277, 0.699416
12.8602, 0.466277, 0.466277, 0.466277, 0.699416
12.88, 0.466115, 0.466115, 0.466115, 0.699173
12.9, 0.466115, 0.466115, 0.466115, 0.699173
12.9201, 0.466115, 0.466115, 0.466115, 0.699173
12.94, 0.466115, 0.466115, 0.466115, 0.699173
12.96, 0.466115, 0.466115, 0.466115, 0.699173
12.98, 0.466115, 0.466115, 0.466115, 0.699173
13, 0.466115, 0.466115, 0.466115, 0.699173
13.02, 0.466115, 0.466115, 0.466115, 0.699173
13.04, 0.466115, 0.466115, 0.466115, 0.699173
13.06, 0.466115, 0.466115, 0.466115, 0.699173
13.08, 0.466115, 0.466115, 0.466115, 0.699173
13.1, 0.466115, 0.466115, 0.466115, 0.699173
13.12, 0.466115, 0.466115, 0.466115, 0.699173
13.14, 0.699911, 0.933215, 0, 0.466607
13.16, 0.699911, 0.933215, 0, 0.466607
13.18, 0.699911, 0.933215, 0, 0.466607
13.2, 0.699911, 0.933215, 0, 0.466607
13.22, 0.699911, 0.933215, 0, 0.466607
13.24, 0.699911, 0.933215, 0, 0.466607
13.26, 0.699911, 0.933215, 0, 0.466607
13.28, 0.699911, 0.933215, 0, 0.466607
13.3, 0.699911, 0.933215, 0, 0.466607
13.32, 0.699911, 0.933215, 0, 0.466607
13.34, 0.699911, 0.933215, 0, 0.466607
13.36, 0.699911, 0.933215, 0, 0.466607
13.38, 0.699536, 0.466357, 0.466357, 0.466357
13.4, 0.699536, 0.466357, 0.466357, 0.466357
13.42, 0.699536, 0.466357, 0.466357, 0.466357
13.44, 0.699536, 0.466357, 0.466357, 0.466357
13.46, 0.699536, 0.466357, 0.466357, 0.466357
13.48, 0.699536, 0.466357, 0.466357, 0.466357
13.5, 0.699536, 0.466357, 0.466357, 0.466357
13.52, 0.699536, 0.466357, 0.466357, 0.466357
13.54, 0.699536, 0.466357, 0.466357, 0.466357
13.56, 0.699536, 0.466357, 0.466357, 0.466357
13.58, 0.699536, 0.466357, 0.466357, 0.466357
13.6, 0.699536, 0.466357, 0.466357, 0.466357
13.62, 0.699536, 0.466357, 0.466357, 0.466357
13.64, 0.466268, 0.466268, 0, 0.932536
13.66, 0.466268, 0.466268, 0, 0.932536
13.6801, 0.466268, 0.466268, 0, 0.932536
13.7, 0.466268, 0.466268, 0, 0.932536
13.72, 0.466268, 0.466268, 0, 0.932536
13.74, 0.466268, 0.466268, 0, 0.932536
13.76, 0.466268, 0.466268, 0, 0.932536
13.78, 0.466268, 0.466268, 0, 0.932536
13.8, 0.466268, 0.466268, 0, 0.932536
13.82, 0.466268, 0.466268, 0, 0.932536
13.84, 0.466268, 0.466268, 0, 0.932536
13.86, 0.466268, 0.466268, 0, 0.932536
13.88, 0.466268, 0.466268, 0, 0.932536
13.9, 0.466414, 0.932828, 0.466414, 0.466414
13.92, 0.466414, 0.932828, 0.466414, 0.466414
13.94, 0.466414, 0.932828, 0.466414, 0.466414
13.96, 0.466414, 0.932828, 0.466414, 0.466414
13.98, 0.466414, 0.932828, 0.466414, 0.466414
14, 0.466414, 0.932828, 0.466414, 0.466414
14.02, 0.466414, 0.932828, 0.466414, 0.466414
14.04, 0.466414, 0.932828, 0.466414, 0.466414
14.06, 0.466414, 0.932828, 0.466414, 0.466414
14.08, 0.466414, 0.932828, 0.466414, 0.466414
14.1, 0.466414, 0.932828, 0.466414, 0.466414
14.1201, 0.466414, 0.932828, 0.466414, 0.466414
14.1401, 0.466414, 0.932828, 0.466414, 0.466414
14.16, 0.466215, 0.466215, 0, 0.466215
14.18, 0.466215, 0.466215, 0, 0.466215
14.2, 0.466215, 0.466215, 0, 0.466215
14.22, 0.466215, 0.466215, 0, 0.466215
14.24, 0.466215, 0.466215, 0, 0.466215
14.26, 0.466215, 0.466215, 0, 0.466215
14.28, 0.466215, 0.466215, 0, 0.466215
14.3, 0.466215, 0.466215, 0, 0.466215
14.32, 0.466215, 0.466215, 0, 0.466215
14.34, 0.466215, 0.466215, 0, 0.466215
14.36, 0.466215, 0.466215, 0, 0.466215
14.38, 0.466215, 0.466215, 0, 0.466215
14.4, 0.466215, 0.466215, 0, 0.466215
14.42, 0.466558, 0.466558, 0.466558, 0.699837
14.44, 0.466558, 0.466558, 0.466558, 0.699837
14.46, 0.466558, 0.466558, 0.466558, 0.699837
14.48, 0.466558, 0.466558, 0.466558, 0.699837
14.5, 0.466558, 0.466558, 0.466558, 0.699837
14.52, 0.466558, 0.466558, 0.466558, 0.699837
14.54, 0.466558, 0.466558, 0.466558, 0.699837
14.56, 0.466558, 0.466558, 0.466558, 0.699837
14.58, 0.466558, 0.466558, 0.466558, 0.699837
14.6, 0.466558, 0.466558, 0.466558, 0.699837
14.62, 0.466558, 0.466558, 0.466558, 0.699837
14.64, 0.466558, 0.466558, 0.466558, 0.699837
14.66, 0.466315, 0.466315, 0.466315, 0.699473
14.68, 0.466315, 0.466315, 0.466315, 0.699473
14.7, 0.466315, 0.466315, 0.466315, 0.699473
14.72, 0.466315, 0.466315, 0.466315, 0.699473
14.74, 0.466315, 0.466315, 0.466315, 0.699473
14.76, 0.466315, 0.466315, 0.466315, 0.699473
14.78, 0.466315, 0.466315, 0.466315, 0.699473
14.8, 0.466315, 0.466315, 0.466315, 0.699473
14.82, 0.466315, 0.466315, 0.466315, 0.699473
14.8401, 0.466315, 0.466315, 0.466315, 0.699473
14.8601, 0.466315, 0.466315, 0.466315, 0.699473
14.8801, 0.466315, 0.466315, 0.466315, 0.699473
14.9001, 0.466315, 0.466315, 0.466315, 0.699473
14.92, 0.699444, 0.932592, 0, 0.466296
14.94, 0.699444, 0.932592, 0, 0.466296
14.96, 0.699444, 0.932592, 0, 0.466296
14.98, 0.699444, 0.932592, 0, 0.466296
15, 0.699444, 0.932592, 0, 0.466296
15.02, 0.699444, 0.932592, 0, 0.466296
15.04, 0.699444, 0.932592, 0, 0.466296
15.06, 0.699444, 0.932592, 0, 0.466296
15.08, 0.699444, 0.932592, 0, 0.466296
15.1, 0.699444, 0.932592, 0, 0.466296
15.12, 0.699444, 0.932592, 0, 0.466296
15.14, 0.287063, 0.574127, 0.574127, 0.574127
15.16, 0.287063, 0.574127, 0.574127, 0.574127
15.18, 0.287063, 0.574127, 0.574127, 0.574127
15.2, 0.287063, 0.574127, 0.574127, 0.574127
15.22, 0.287063, 0.574127, 0.574127, 0.574127
15.24, 0.287063, 0.574127, 0.574127, 0.574127
15.26, 0.287063, 0.574127, 0.574127, 0.574127
15.28, 0.287063, 0.574127, 0.574127, 0.574127
15.3001, 0.287063, 0.574127, 0.574127, 0.574127
15.32, 0.287063, 0.574127, 0.574127, 0.574127
15.34, 0.287063, 0.574127, 0.574127, 0.574127
15.36, 0.287063, 0.574127, 0.574127, 0.574127
15.38, 0.699381, 0.466254, 0, 0.466254
15.4, 0.699381, 0.466254, 0, 0.466254
15.42, 0.699381, 0.466254, 0, 0.466254
15.4399, 0.699381, 0.466254, 0, 0.466254
15.46, 0.699381, 0.466254, 0, 0.466254
15.48, 0.699381, 0.466254, 0, 0.466254
15.5, 0.699381, 0.466254, 0, 0.466254
15.52, 0.699381, 0.466254, 0, 0.466254
15.54, 0.699381, 0.466254, 0, 0.466254
15.56, 0.699381, 0.466254, 0, 0.466254
15.58, 0.699381, 0.466254, 0, 0.466254
15.6, 0.699381, 0.466254, 0, 0.466254
15.62, 0.699381, 0.466254, 0, 0.466254
15.64, 0.702175, 0.468117, 0.468117, 0.702175
15.66, 0.702175, 0.468117, 0.468117, 0.702175
15.6801, 0.702175, 0.468117, 0.468117, 0.702175
15.7, 0.702175, 0.468117, 0.468117, 0.702175
15.72, 0.702175, 0.468117, 0.468117, 0.702175
15.74, 0.702175, 0.468117, 0.468117, 0.702175
15.76, 0.702175, 0.468117, 0.468117, 0.702175
15.78, 0.702175, 0.468117, 0.468117, 0.702175
15.8, 0.702175, 0.468117, 0.468117, 0.702175
15.82, 0.702175, 0.468117, 0.468117, 0.702175
15.84, 0.702175, 0.468117, 0.468117, 0.702175
15.86, 0.702175, 0.468117, 0.468117, 0.702175
15.8802, 0.702175, 0.468117, 0.468117, 0.702175
15.9, 0.46635, 0.699525, 0, 0.699525
15.9199, 0.46635, 0.699525, 0, 0.699525
15.94, 0.46635, 0.699525, 0, 0.699525
15.96, 0.46635, 0.699525, 0, 0.699525
15.98, 0.46635, 0.699525, 0, 0.699525
16, 0.46635, 0.699525, 0, 0.699525
16.02, 0.46635, 0.699525, 0, 0.699525
16.04, 0.46635, 0.699525, 0, 0.699525
16.06, 0.46635, 0.699525, 0, 0.699525
16.08, 0.46635, 0.699525, 0, 0.699525
16.1, 0.46635, 0.699525, 0, 0.699525
16.12, 0.46635, 0.699525, 0, 0.699525
16.14, 0.46635, 0.699525, 0, 0.699525
16.16, 0.466423, 0.699635, 0.466423, 0.466423
16.18, 0.466423, 0.699635, 0.466423, 0.466423
16.2, 0.466423, 0.699635, 0.466423, 0.466423
16.22, 0.466423, 0.699635, 0.466423, 0.466423
16.24, 0.466423, 0.699635, 0.466423, 0.466423
16.26, 0.466423, 0.699635, 0.466423, 0.466423
16.28, 0.466423, 0.699635, 0.466423, 0.466423
16.3, 0.466423, 0.699635, 0.466423, 0.466423
16.32, 0.466423, 0.699635, 0.466423, 0.466423
16.34, 0.466423, 0.699635, 0.466423, 0.466423
16.36, 0.466423, 0.699635, 0.466423, 0.466423
16.38, 0.466423, 0.699635, 0.466423, 0.466423
16.4, 0.466463, 0.466463, 0, 0.466463
16.42, 0.466463, 0.466463, 0, 0.466463
16.44, 0.466463, 0.466463, 0, 0.466463
16.46, 0.466463, 0.466463, 0, 0.466463
16.48, 0.466463, 0.466463, 0, 0.466463
16.5, 0.466463, 0.466463, 0, 0.466463
16.52, 0.466463, 0.466463, 0, 0.466463
16.54, 0.466463, 0.466463, 0, 0.466463
16.56, 0.466463, 0.466463, 0, 0.466463
16.58, 0.466463, 0.466463, 0, 0.466463
16.6, 0.466463, 0.466463, 0, 0.466463
16.62, 0.466463, 0.466463, 0, 0.466463
16.64, 0.466463, 0.466463, 0, 0.466463
16.66, 0.466217, 0.699326, 0.466217, 0.932434
16.68, 0.466217, 0.699326, 0.466217, 0.932434
16.7, 0.466217, 0.699326, 0.466217, 0.932434
16.72, 0.466217, 0.699326, 0.466217, 0.932434
16.74, 0.466217, 0.699326, 0.466217, 0.932434
16.76, 0.466217, 0.699326, 0.466217, 0.932434
16.78, 0.466217, 0.699326, 0.466217, 0.932434
16.8, 0.466217, 0.699326, 0.466217, 0.932434
16.82, 0.466217, 0.699326, 0.466217, 0.932434
16.84, 0.466217, 0.699326, 0.466217, 0.932434
16.86, 0.466217, 0.699326, 0.466217, 0.932434
16.88, 0.466217, 0.699326, 0.466217, 0.932434
16.9, 0.466217, 0.699326, 0.466217, 0.932434
16.92, 0.699515, 0.699515, 0.466343, 0.466343
16.94, 0.699515, 0.699515, 0.466343, 0.466343
16.96, 0.699515, 0.699515, 0.466343, 0.466343
16.98, 0.699515, 0.699515, 0.466343, 0.466343
17, 0.699515, 0.699515, 0.466343, 0.466343
17.02, 0.699515, 0.699515, 0.466343, 0.466343
17.04, 0.699515, 0.699515, 0.466343, 0.466343
17.06, 0.699515, 0.699515, 0.466343, 0.466343
17.08, 0.699515, 0.699515, 0.466343, 0.466343
17.1, 0.699515, 0.699515, 0.466343, 0.466343
17.12, 0.699515, 0.699515, 0.466343, 0.466343
17.14, 0.699515, 0.699515, 0.466343, 0.466343
17.16, 0.699515, 0.699515, 0.466343, 0.466343
17.18, 0.699564, 0.466376, 0, 0.466376
17.2, 0.699564, 0.466376, 0, 0.466376
17.22, 0.699564, 0.466376, 0, 0.466376
17.24, 0.699564, 0.466376, 0, 0.466376
17.26, 0.699564, 0.466376, 0, 0.466376
17.28, 0.699564, 0.466376, 0, 0.466376
17.3, 0.699564, 0.466376, 0, 0.466376
17.32, 0.699564, 0.466376, 0, 0.466376
17.34, 0.699564, 0.466376, 0, 0.466376
17.36, 0.699564, 0.466376, 0, 0.466376
17.38, 0.699564, 0.466376, 0, 0.466376
17.4, 0.699564, 0.466376, 0, 0.466376
17.42, 0.699564, 0.466376, 0, 0.466376
17.44, 0.466287, 0.69943, 0.466287, 0.932573
17.46, 0.466287, 0.69943, 0.466287, 0.932573
17.48, 0.466287, 0.69943, 0.466287, 0.932573
17.5, 0.466287, 0.69943, 0.466287, 0.932573
17.52, 0.466287, 0.69943, 0.466287, 0.932573
17.54, 0.466287, 0.69943, 0.466287, 0.932573
17.56, 0.466287, 0.69943, 0.466287, 0.932573
17.58, 0.466287, 0.69943, 0.466287, 0.932573
17.6, 0.466287, 0.69943, 0.466287, 0.932573
17.62, 0.466287, 0.69943, 0.466287, 0.932573
17.64, 0.466287, 0.69943, 0.466287, 0.932573
17.66, 0.466287, 0.69943, 0.466287, 0.932573
17.6801, 0.466445, 0.699667, 0.233222, 0.466445
17.7, 0.466445, 0.699667, 0.233222, 0.466445
17.72, 0.466445, 0.699667, 0.233222, 0.466445
17.74, 0.466445, 0.699667, 0.233222, 0.466445
17.76, 0.466445, 0.699667, 0.233222, 0.466445
17.78, 0.466445, 0.699667, 0.233222, 0.466445
17.8, 0.466445, 0.699667, 0.233222, 0.466445
17.82, 0.466445, 0.699667, 0.233222, 0.466445
17.84, 0.466445, 0.699667, 0.233222, 0.466445
17.86, 0.466445, 0.699667, 0.233222, 0.466445
17.88, 0.466445, 0.699667, 0.233222, 0.466445
17.9, 0.466445, 0.699667, 0.233222, 0.466445
17.92, 0.466445, 0.699667, 0.233222, 0.466445
17.94, 0.466372, 0.466372, 0.233186, 0.932744
17.96, 0.466372, 0.466372, 0.233186, 0.932744
17.98, 0.466372, 0.466372, 0.233186, 0.932744
18, 0.466372, 0.466372, 0.233186, 0.932744
18.02, 0.466372, 0.466372, 0.233186, 0.932744
18.04, 0.466372, 0.466372, 0.233186, 0.932744
18.06, 0.466372, 0.466372, 0.233186, 0.932744
18.08, 0.466372, 0.466372, 0.233186, 0.932744
18.1, 0.466372, 0.466372, 0.233186, 0.932744
18.12, 0.466372, 0.466372, 0.233186, 0.932744
18.1401, 0.466372, 0.466372, 0.233186, 0.932744
18.1601, 0.466372, 0.466372, 0.233186, 0.932744
18.18, 0.466372, 0.466372, 0.233186, 0.932744
18.2, 0.932733, 0.932733, 0.466367, 0.466367
18.22, 0.932733, 0.932733, 0.466367, 0.466367
18.24, 0.932733, 0.932733, 0.466367, 0.466367
18.26, 0.932733, 0.932733, 0.466367, 0.466367
18.28, 0.932733, 0.932733, 0.466367, 0.466367
18.3001, 0.932733, 0.932733, 0.466367, 0.466367
18.3201, 0.932733, 0.932733, 0.466367, 0.466367
18.34, 0.932733, 0.932733, 0.466367, 0.466367
18.36, 0.932733, 0.932733, 0.466367, 0.466367
18.38, 0.932733, 0.932733, 0.466367, 0.466367
18.4001, 0.932733, 0.932733, 0.466367, 0.466367
18.4201, 0.932733, 0.932733, 0.466367, 0.466367
18.4401, 0.932733, 0.932733, 0.466367, 0.466367
18.46, 0.466003, 0.466003, 0, 0.466003
18.48, 0.466003, 0.466003, 0, 0.466003
18.5, 0.466003, 0.466003, 0, 0.466003
18.52, 0.466003, 0.466003, 0, 0.466003
18.54, 0.466003, 0.466003, 0, 0.466003
18.56, 0.466003, 0.466003, 0, 0.466003
18.58, 0.466003, 0.466003, 0, 0.466003
18.6, 0.466003, 0.466003, 0, 0.466003
18.62, 0.466003, 0.466003, 0, 0.466003
18.64, 0.466003, 0.466003, 0, 0.466003
18.66, 0.574569, 0.574569, 0.574569, 0.861854
18.68, 0.574569, 0.574569, 0.574569, 0.861854
18.7, 0.574569, 0.574569, 0.574569, 0.861854
18.72, 0.574569, 0.574569, 0.574569, 0.861854
18.74, 0.574569, 0.574569, 0.574569, 0.861854
18.76, 0.574569, 0.574569, 0.574569, 0.861854
18.78, 0.574569, 0.574569, 0.574569, 0.861854
18.8, 0.574569, 0.574569, 0.574569, 0.861854
18.82, 0.574569, 0.574569, 0.574569, 0.861854
18.84, 0.574569, 0.574569, 0.574569, 0.861854
18.86, 0.574569, 0.574569, 0.574569, 0.861854
18.88, 0.574569, 0.574569, 0.574569, 0.861854
18.9, 0.574569, 0.574569, 0.574569, 0.861854
18.92, 0.466265, 0.932529, 0.233132, 0.699397
18.94, 0.466265, 0.932529, 0.233132, 0.699397
18.9601, 0.466265, 0.932529, 0.233132, 0.699397
18.98, 0.466265, 0.932529, 0.233132, 0.699397
19, 0.466265, 0.932529, 0.233132, 0.699397
19.02, 0.466265, 0.932529, 0.233132, 0.699397
19.04, 0.466265, 0.932529, 0.233132, 0.699397
19.06, 0.466265, 0.932529, 0.233132, 0.699397
19.08, 0.466265, 0.932529, 0.233132, 0.699397
19.1, 0.466265, 0.932529, 0.233132, 0.699397
19.12, 0.466265, 0.932529, 0.233132, 0.699397
19.14, 0.466265, 0.932529, 0.233132, 0.699397
19.16, 0.466265, 0.932529, 0.233132, 0.699397
19.18, 0.466365, 0.466365, 0.233182, 0.466365
19.2, 0.466365, 0.466365, 0.233182, 0.466365
19.22, 0.466365, 0.466365, 0.233182, 0.466365
19.24, 0.466365, 0.466365, 0.233182, 0.466365
19.26, 0.466365, 0.466365, 0.233182, 0.466365
19.28, 0.466365, 0.466365, 0.233182, 0.466365
19.3, 0.466365, 0.466365, 0.233182, 0.466365
19.32, 0.466365, 0.466365, 0.233182, 0.466365
19.34, 0.466365, 0.466365, 0.233182, 0.466365
19.36, 0.466365, 0.466365, 0.233182, 0.466365
19.38, 0.466365, 0.466365, 0.233182, 0.466365
19.4, 0.466365, 0.466365, 0.233182, 0.466365
19.42, 0.466365, 0.466365, 0.233182, 0.466365
19.44, 0.466421, 0, 0, 0.466421
19.46, 0.466421, 0, 0, 0.466421
19.48, 0.466421, 0, 0, 0.466421
19.5, 0.466421, 0, 0, 0.466421
19.5201, 0.466421, 0, 0, 0.466421
19.5401, 0.466421, 0, 0, 0.466421
19.56, 0.466421, 0, 0, 0.466421
19.58, 0.466421, 0, 0, 0.466421
19.6, 0.466421, 0, 0, 0.466421
19.62, 0.466421, 0, 0, 0.466421
19.64, 0.466421, 0, 0, 0.466421
19.66, 0.466421, 0, 0, 0.466421
19.68, 0, 0.466168, 0.466168, 0
19.7, 0, 0.466168, 0.466168, 0
19.72, 0, 0.466168, 0.466168, 0
19.74, 0, 0.466168, 0.466168, 0
19.76, 0, 0.466168, 0.466168, 0
19.78, 0, 0.466168, 0.466168, 0
19.8, 0, 0.466168, 0.466168, 0
19.82, 0, 0.466168, 0.466168, 0
19.84, 0, 0.466168, 0.466168, 0
19.86, 0, 0.466168, 0.466168, 0
19.88, 0, 0.466168, 0.466168, 0
19.9, 0, 0.466168, 0.466168, 0
19.92, 0, 0.466168, 0.466168, 0
19.94, 0, 0, 0, 0
19.96, 0, 0, 0, 0
19.98, 0, 0, 0, 0
20, 0, 0, 0, 0
20.02, 0, 0, 0, 0
20.04, 0, 0, 0, 0
20.06, 0, 0, 0, 0
20.08, 0, 0, 0, 0
20.1, 0, 0, 0, 0
20.12, 0, 0, 0, 0
20.14, 0, 0, 0, 0
20.16, 0, 0, 0, 0
20.18, 0, 0, 0, 0
20.2, 0, 0, 0, 0
20.22, 0, 0, 0, 0
20.24, 0, 0, 0, 0
20.26, 0, 0, 0, 0
20.28, 0, 0, 0, 0
20.3, 0, 0, 0, 0
20.32, 0, 0, 0, 0
20.34, 0, 0, 0, 0
20.36, 0, 0, 0, 0
20.38, 0, 0, 0, 0
20.4, 0, 0, 0, 0
20.42, 0, 0, 0, 0
20.4401, 0, 0, 0, 0
20.4601, 0, 0, 0, 0
20.48, 0, 0, 0, 0
20.5, 0, 0, 0, 0
20.52, 0, 0, 0, 0
20.54, 0, 0, 0, 0
20.56, 0, 0, 0, 0
20.5801, 0, 0, 0, 0
20.5999, 0, 0, 0, 0
20.62, 0, 0, 0, 0
20.64, 0, 0, 0, 0
20.66, 0, 0, 0, 0
20.68, 0, 0, 0, 0
20.7001, 0, 0, 0, 0
20.7201, 0, 0, 0, 0
20.74, 0, 0, 0, 0
20.76, 0, 0, 0, 0
20.78, 0, 0, 0, 0
20.8, 0, 0, 0, 0
20.82, 0, 0, 0, 0
20.84, 0, 0, 0, 0
20.86, 0, 0, 0, 0
20.88, 0, 0, 0, 0
20.9, 0, 0, 0, 0
20.92, 0, 0, 0, 0
20.94, 0, 0, 0, 0
20.96, 0, 0, 0, 0
20.98, 0, 0, 0, 0
21, 0, 0, 0, 0
21.02, 0, 0, 0, 0
21.04, 0, 0, 0, 0
21.06, 0, 0, 0, 0
21.08, 0, 0, 0, 0
21.1, 0, 0, 0, 0
21.12, 0, 0, 0, 0
21.14, 0, 0, 0, 0
21.16, 0, 0, 0, 0
21.18, 0, 0, 0, 0
21.2, 0, 0, 0, 0
21.22, 0, 0, 0, 0
21.24, 0, 0, 0, 0
21.26, 0, 0, 0, 0
21.28, 0, 0, 0, 0
21.3, 0, 0, 0, 0
21.32, 0, 0, 0, 0
21.34, 0, 0, 0, 0
21.36, 0, 0, 0, 0
21.38, 0, 0, 0, 0
21.4, 0, 0, 0, 0
21.42, 0, 0, 0, 0
21.44, 0, 0, 0, 0
21.46, 0, 0, 0, 0
21.48, 0, 0, 0, 0
21.5, 0, 0, 0, 0
21.52, 0, 0, 0, 0
21.54, 0, 0, 0, 0
21.56, 0, 0, 0, 0
21.58, 0, 0, 0, 0
21.6, 0, 0, 0, 0
21.62, 0, 0, 0, 0
21.6399, 0, 0, 0, 0
21.66, 0, 0, 0, 0
21.68, 0, 0, 0, 0
21.7, 0, 0, 0, 0
21.72, 0, 0, 0, 0
21.74, 0, 0, 0, 0
21.76, 0, 0, 0, 0
21.78, 0, 0, 0, 0
21.8, 0, 0, 0, 0
21.82, 0, 0, 0, 0
21.84, 0, 0, 0, 0
21.86, 0, 0, 0, 0
21.88, 0, 0, 0, 0
21.9, 0, 0, 0, 0
21.92, 0, 0, 0, 0
21.9401, 0, 0, 0, 0
21.9601, 0, 0, 0, 0
21.98, 0, 0, 0, 0
22, 0, 0, 0, 0
22.0201, 0, 0, 0, 0
22.04, 0, 0, 0, 0
22.06, 0, 0, 0, 0
22.0801, 0, 0, 0, 0
22.1001, 0, 0, 0, 0
22.12, 0, 0, 0, 0
22.14, 0, 0, 0, 0
22.16, 0, 0, 0, 0
22.18, 0, 0, 0, 0
22.2, 0, 0, 0, 0
22.22, 0, 0, 0, 0
22.24, 0, 0, 0, 0
22.26, 0, 0, 0, 0
22.28, 0, 0, 0, 0
22.3, 0, 0, 0, 0
22.32, 0, 0, 0, 0
22.34, 0, 0, 0, 0
22.36, 0, 0, 0, 0
22.38, 0, 0, 0, 0
22.4, 0, 0, 0, 0
22.42, 0, 0, 0, 0
22.44, 0, 0, 0, 0
22.46, 0, 0, 0, 0
22.48, 0, 0, 0, 0
22.5, 0, 0, 0, 0
22.52, 0, 0, 0, 0
22.54, 0, 0, 0, 0
22.56, 0, 0, 0, 0
22.58, 0, 0, 0, 0
22.6, 0, 0, 0, 0
22.62, 0, 0, 0, 0
22.64, 0, 0, 0, 0
22.66, 0, 0, 0, 0
22.68, 0, 0, 0, 0
22.7, 0, 0, 0, 0
22.72, 0, 0, 0, 0
22.74, 0, 0, 0, 0
22.76, 0, 0, 0, 0
22.78, 0, 0, 0, 0
22.8, 0, 0, 0, 0
22.82, 0, 0, 0, 0
22.84, 0, 0, 0, 0
22.86, 0, 0, 0, 0
22.88, 0, 0, 0, 0
22.9, 0, 0, 0, 0
22.92, 0, 0, 0, 0
22.9402, 0, 0, 0, 0
22.96, 0, 0, 0, 0
22.98, 0, 0, 0, 0
23, 0, 0, 0, 0
23.02, 0, 0, 0, 0
23.04, 0, 0, 0, 0
23.06, 0, 0, 0, 0
23.08, 0, 0, 0, 0
23.1, 0, 0, 0, 0
23.12, 0, 0, 0, 0
23.14, 0, 0, 0, 0
23.16, 0, 0, 0, 0
23.18, 0, 0, 0, 0
23.2, 0, 0, 0, 0
23.22, 0, 0, 0, 0
23.24, 0, 0, 0, 0
23.26, 0, 0, 0, 0
23.28, 0, 0, 0, 0
23.3, 0, 0, 0, 0
23.32, 0, 0, 0, 0
23.34, 0, 0, 0, 0
23.36, 0, 0, 0, 0
23.38, 0, 0, 0, 0
23.4, 0, 0, 0, 0
23.42, 0, 0, 0, 0
23.44, 0, 0, 0, 0
23.46, 0, 0, 0, 0
23.48, 0, 0, 0, 0
23.5, 0, 0, 0, 0
23.52, 0, 0, 0, 0
23.54, 0, 0, 0, 0
23.56, 0, 0, 0, 0
23.58, 0, 0, 0, 0
23.6, 0, 0, 0, 0
23.62, 0, 0, 0, 0
23.64, 0, 0, 0, 0
23.66, 0, 0, 0, 0
23.68, 0, 0, 0, 0
23.7001, 0, 0, 0, 0
23.7201, 0, 0, 0, 0
23.74, 0, 0, 0, 0
23.76, 0, 0, 0, 0
23.78, 0, 0, 0, 0
23.8, 0, 0, 0, 0
23.82, 0, 0, 0, 0
23.84, 0, 0, 0, 0
23.86, 0, 0, 0, 0
23.88, 0, 0, 0, 0
23.9, 0, 0, 0, 0
23.92, 0, 0, 0, 0
23.94, 0, 0, 0, 0
23.96, 0, 0, 0, 0
23.98, 0, 0, 0, 0
24, 0, 0, 0, 0
24.02, 0, 0, 0, 0
24.04, 0, 0, 0, 0
24.06, 0, 0, 0, 0
24.08, 0, 0, 0, 0
24.1, 0, 0, 0, 0
24.12, 0, 0, 0, 0
24.14, 0, 0, 0, 0
24.16, 0, 0, 0, 0
24.18, 0, 0, 0, 0
24.2, 0, 0, 0, 0
24.22, 0, 0, 0, 0
24.24, 0, 0, 0, 0
24.26, 0, 0, 0, 0
24.28, 0, 0, 0, 0
24.3, 0, 0, 0, 0
24.32, 0, 0, 0, 0
24.34, 0, 0, 0, 0
24.36, 0, 0, 0, 0
24.38, 0, 0, 0, 0
24.4, 0, 0, 0, 0
24.42, 0, 0, 0, 0
24.44, 0, 0, 0, 0
24.46, 0, 0, 0, 0
24.48, 0, 0, 0, 0
24.5, 0, 0, 0, 0
24.52, 0, 0, 0, 0
24.54, 0, 0, 0, 0
24.56, 0, 0, 0, 0
24.58, 0, 0, 0, 0
24.6, 0, 0, 0, 0
24.62, 0, 0, 0, 0
24.64, 0, 0, 0, 0
24.66, 0, 0, 0, 0
24.68, 0, 0, 0, 0
24.7, 0, 0, 0, 0
24.72, 0, 0, 0, 0
24.74, 0, 0, 0, 0
24.76, 0, 0, 0, 0
24.78, 0, 0, 0, 0
24.8, 0, 0, 0, 0
